Security Code,Security Name,Company name,Result Date
543210,AARTISURF,Aarti Surfactants Ltd,02 Feb 2022
526488,AARVINFRA,AARV Infratel Ltd,02 Feb 2022
541450,ADANIGREEN,Adani Green Energy Ltd,02 Feb 2022
511463,ALEXANDER,Alexander Stamps And Coin Ltd,02 Feb 2022
500877,APOLLOTYRE,APOLLO TYRES LTD.,02 Feb 2022
531847,ASTAR,ASIAN STAR CO.LTD.-$,02 Feb 2022
542066,ATGL,Adani Total Gas Ltd,02 Feb 2022
540649,AVADHSUGAR,Avadh Sugar & Energy Ltd,02 Feb 2022
533229,BAJAJCON,Bajaj Consumer Care Ltd,02 Feb 2022
530999,BALAMINES,BALAJI AMINES LTD.-$,02 Feb 2022
540073,BLS,BLS International Services Ltd,02 Feb 2022
540403,CLEDUCATE,CL Educate Ltd,02 Feb 2022
500096,DABUR,DABUR INDIA LTD.,02 Feb 2022
532927,ECLERX,ECLERX SERVICES LTD.,02 Feb 2022
511716,ESCORTSFIN,ESCORTS FINANCE LTD.,02 Feb 2022
533400,FCONSUMER,Future Consumer Ltd,02 Feb 2022
524564,GAYATRIBI,GAYATRI BIOORGANICS LTD.,02 Feb 2022
522275,GET&D,GE T&D India Ltd,02 Feb 2022
507815,GILLETTE,GILLETTE INDIA LTD.,02 Feb 2022
539725,GOKULAGRO,Gokul Agro Resources Ltd,02 Feb 2022
542772,IIFLWAM,IIFL Wealth Management Ltd,02 Feb 2022
532717,INDOTECH,INDO TECH TRANSFORMERS LTD.,02 Feb 2022
505100,INRADIA,INDIA RADIATORS LTD.,02 Feb 2022
532388,IOB,INDIAN OVERSEAS BANK,02 Feb 2022
506520,JAYCH,JAYSHREE CHEMICALS LTD.,02 Feb 2022
500380,JKLAKSHMI,JK LAKSHMI CEMENT LTD.,02 Feb 2022
513509,KALYANIFRG,KALYANI FORGE LTD.,02 Feb 2022
541161,KBCGLOBAL,KBC Global Ltd,02 Feb 2022
501261,KRATOSENER,KRATOS ENERGY & INFRASTRUCTURE LTD.,02 Feb 2022
505320,LYNMC,LYNX MACHINERY & COMMERCIALS LTD.,02 Feb 2022
532720,M&MFIN,MAHINDRA & MAHINDRA FINANCIAL SERVICES LTD.,02 Feb 2022
500265,MAHSEAMLES,MAHARASHTRA SEAMLESS LTD.,02 Feb 2022
540749,MASFIN,MAS Financial Services Ltd,02 Feb 2022
539045,MNKALCOLTD,Manaksia Aluminium Company Ltd,02 Feb 2022
511766,MUTHTFN,MUTHOOT CAPITAL SERVICES LTD.,02 Feb 2022
532864,NELCAST,NELCAST LTD.,02 Feb 2022
532742,PAUSHAKLTD,PAUSHAK LTD.,02 Feb 2022
539090,RAJPUTANA,Rajputana Investment and Finance Ltd,02 Feb 2022
500111,RELCAPITAL,RELIANCE CAPITAL LTD.,02 Feb 2022
517447,RSSOFTWARE,R.S.SOFTWARE INDIA LTD.,02 Feb 2022
530267,SABOOBR,SABOO BROTHERS LTD.,02 Feb 2022
530617,SAMPRE,SAMPRE NUTRITIONS LTD.,02 Feb 2022
540203,SFL,Sheela Foam Ltd,02 Feb 2022
513097,SHBCLQ,SHIVALIK BIMETAL CONTROLS LTD.,02 Feb 2022
502460,SOLIDCO,SOLID CONTAINERS LTD.,02 Feb 2022
543279,SURYODAY,Suryoday Small Finance Bank Ltd,02 Feb 2022
522113,TIMKEN,TIMKEN INDIA LTD.,02 Feb 2022
532356,TRIVENI,TRIVENI ENGINEERING & INDUSTRIES LTD.,02 Feb 2022
511509,VIVOBIOT,VIVO BIO TECH LTD.,02 Feb 2022
532553,WELENT,Welspun Enterprises Ltd,02 Feb 2022
505537,ZEEL,ZEE ENTERTAINMENT ENTERPRISES LTD.,02 Feb 2022
534742,ZUARI,ZUARI AGRO CHEMICALS LTD.,02 Feb 2022
531335,ZYDUSWELL,ZYDUS WELLNESS LTD.-$,02 Feb 2022
523395,3MINDIA,3M INDIA LTD.,03 Feb 2022
541988,AAVAS,AAVAS Financiers Ltd,03 Feb 2022
540691,ABCAPITAL,Aditya Birla Capital Ltd,03 Feb 2022
531161,ABMKNO,ABM KNOWLEDGEWARE LTD.,03 Feb 2022
533096,ADANIPOWER,ADANI POWER LTD.,03 Feb 2022
539254,ADANITRANS,Adani Transmission Ltd,03 Feb 2022
532351,AKSHOPTFBR,AKSH OPTIFIBRE LTD.,03 Feb 2022
530973,ALFAICA,ALFA ICA (INDIA) LTD.,03 Feb 2022
531978,AMBIKCO,AMBIKA COTTON MILLS LTD.,03 Feb 2022
512091,ANSHNCO,ANSHUNI COMMERCIALS LTD.,03 Feb 2022
531677,ARISINT,ARIS INTERNATIONAL LTD.,03 Feb 2022
542176,ARYAN,Aryan Share and Stock Brokers Ltd,03 Feb 2022
532853,ASAHISONG,ASAHI SONGWON COLORS LTD.,03 Feb 2022
509009,AUSOMENT,AuSom Enterprise Limited,03 Feb 2022
503722,BANSWRAS,BANSWARA SYNTEX LTD.-$,03 Feb 2022
543283,BARBEQUE,Barbeque-Nation Hospitality Ltd,03 Feb 2022
512404,BENGALS,BENGAL STEEL INDUSTRIES LTD.,03 Feb 2022
514183,BLACKROSE,BLACK ROSE INDUSTRIES LTD.,03 Feb 2022
532929,BRIGADE,BRIGADE ENTERPRISES LTD.,03 Feb 2022
532321,CADILAHC,CADILA HEALTHCARE LTD.,03 Feb 2022
524742,CAPPL,CAPLIN POINT LABORATORIES LTD.,03 Feb 2022
531900,CCLINTER,CCL INTERNATIONAL LTD.,03 Feb 2022
500280,CENTENKA,CENTURY ENKA LTD.,03 Feb 2022
534691,COMCL,COMFORT COMMOTRADE LTD.,03 Feb 2022
531216,COMFINTE,COMFORT INTECH LTD.-$,03 Feb 2022
506395,COROMANDEL,COROMANDEL INTERNATIONAL LTD.,03 Feb 2022
511710,CUBIFIN,CUBICAL FINANCIAL SERVICES LTD.,03 Feb 2022
540701,DCAL,Dishman Carbogen Amcis Ltd,03 Feb 2022
543288,DEEPIND,Deep Industries Ltd,03 Feb 2022
517437,DUTRON,DUTRON POLYMERS LTD.-$,03 Feb 2022
500840,EIHOTEL,EIH LTD.,03 Feb 2022
531162,EMAMILTD,EMAMI LTD.-$,03 Feb 2022
500136,ESTER,ESTER INDUSTRIES LTD.,03 Feb 2022
533121,EXPLEOSOL,Expleo Solutions Ltd,03 Feb 2022
533296,FMNL,FUTURE MARKET NETWORKS LTD.,03 Feb 2022
507552,FOODSIN,FOODS & INNS LTD.,03 Feb 2022
532155,GAIL,GAIL (INDIA) LTD.,03 Feb 2022
542351,GLOSTERLTD,Gloster Ltd,03 Feb 2022
505255,GMM,GMM PFAUDLER LTD.,03 Feb 2022
533150,GODREJPROP,Godrej Properties Ltd,03 Feb 2022
506076,GRINDWELL,GRINDWELL NORTON LTD.-$,03 Feb 2022
523836,GUJRAFIA,GUJARAT RAFFIA INDUSTRIES LTD.,03 Feb 2022
508486,HAWKINCOOK,HAWKINS COOKERS LTD.-$,03 Feb 2022
500185,HCC,HINDUSTAN CONSTRUCTION CO.LTD.,03 Feb 2022
541019,HGINFRA,H.G. Infra Engineering Ltd,03 Feb 2022
500199,IGPL,I G PETROCHEMICALS LTD.,03 Feb 2022
532745,INDICAP,Inditrade Capital Limited,03 Feb 2022
517423,INTEGSW,INTEGRA SWITCHGEAR LTD.,03 Feb 2022
530519,INTERFAC,INTERFACE FINANCIAL SERVICES LTD.,03 Feb 2022
543311,IPL,India Pesticides Ltd,03 Feb 2022
500875,ITC,ITC LTD.,03 Feb 2022
501311,JAYBHCR,JAYABHARAT CREDIT LTD.-$,03 Feb 2022
530007,JKTYRE,JK TYRE & INDUSTRIES LTD.,03 Feb 2022
533320,JUBLINDS,JUBILANT INDUSTRIES LTD.,03 Feb 2022
500234,KAKATCEM,KAKATIYA CEMENT SUGAR & INDUSTRIES LTD.,03 Feb 2022
543278,KALYANKJIL,Kalyan Jewellers India Ltd,03 Feb 2022
505890,KENNAMET,KENNAMETAL INDIA LTD.-$,03 Feb 2022
500243,KIRLOSIND,Kirloskar Industries Ltd,03 Feb 2022
524280,KOPRAN,KOPRAN LTD.,03 Feb 2022
535387,LAKHOTIA,LAKHOTIA POLYESTERS (INDIA) LTD.,03 Feb 2022
500257,LUPIN,LUPIN LTD.,03 Feb 2022
539542,LUXIND,Lux Industries Ltd,03 Feb 2022
501473,MALTC,MALABAR TRADING CO.LTD,03 Feb 2022
521018,MARALOVER,MARAL OVERSEAS LTD.,03 Feb 2022
533088,MHRIL,MAHINDRA HOLIDAYS & RESORTS INDIA LTD.,03 Feb 2022
532952,NAHARCAP,NAHAR CAPITAL & FINANCIAL SERVICES LTD.,03 Feb 2022
523391,NAHARPOLY,NAHAR POLYFILMS LTD.,03 Feb 2022
500296,NAHARSPING,NAHAR SPINNING MILLS LTD.,03 Feb 2022
500298,NATPEROX,NATIONAL PEROXIDE LTD.,03 Feb 2022
512522,NEPTEXP,NEPTUNE EXPORTS LTD.,03 Feb 2022
505355,NESCO,NESCO LTD.,03 Feb 2022
532698,NITINSPIN,NITIN SPINNERS LTD.,03 Feb 2022
500680,PFIZER,PFIZER LTD.,03 Feb 2022
523642,PIIND,PI Industries Ltd,03 Feb 2022
530331,PREMCO,PREMCO GLOBAL LTD.-$,03 Feb 2022
513613,PRESHAMET,Presha Metallurgical Ltd.,03 Feb 2022
509077,PRESSMN,Pressman Advertising Limited,03 Feb 2022
542907,PRINCEPIPE,Prince Pipes and Fittings Ltd,03 Feb 2022
532497,RADICO,RADICO KHAITAN LTD.,03 Feb 2022
530251,RISAINTL,RISA INTERNATIONAL LTD.,03 Feb 2022
505807,ROLCOEN,ROLCON ENGINEERING CO.LTD.,03 Feb 2022
543325,ROLEXRINGS,Rolex Rings Ltd,03 Feb 2022
532841,SAHYADRI,SAHYADRI INDUSTRIES LTD.,03 Feb 2022
590051,SAKSOFT,SAKSOFT LTD.,03 Feb 2022
538992,SAPL,SAR Auto Products Ltd,03 Feb 2022
539526,SCTL,Suncare Traders Ltd,03 Feb 2022
522034,SHANTIGEAR,SHANTHI GEARS LTD.,03 Feb 2022
503804,SHRIDINE,SHRI DINESH MILLS LTD.-$,03 Feb 2022
543389,SIGACHI,Sigachi Industries Ltd,03 Feb 2022
540673,SIS,SIS Ltd,03 Feb 2022
504382,SMPLXTR,SIMPLEX TRADING & AGENCIES LTD.,03 Feb 2022
542920,SUMICHEM,Sumitomo Chemical India Ltd,03 Feb 2022
534369,TBZ,TRIBHOVANDAS BHIMJI ZAVERI LTD.,03 Feb 2022
512011,TEATIME,TEA TIME LTD.,03 Feb 2022
532845,TGBHOTELS,TGB BANQUETS AND HOTELS LTD.,03 Feb 2022
500413,THOMASCOOK,THOMAS COOK (INDIA) LTD.,03 Feb 2022
500414,TIMEX,TIMEX GROUP INDIA LTD.-$,03 Feb 2022
500114,TITAN,Titan Company Limited,03 Feb 2022
540210,TMRVL,The Mandhana Retail Ventures Ltd,03 Feb 2022
532779,TORNTPOWER,TORRENT POWER LTD.,03 Feb 2022
509003,TRANOCE,TRANSOCEANIC PROPERTIES LTD.,03 Feb 2022
523868,UBEINDL,UBE INDUSTRIES LTD.,03 Feb 2022
511110,VBDESAI,V.B.DESAI FINANCIAL SERVICES LTD.,03 Feb 2022
540180,VBL,Varun Beverages Ltd,03 Feb 2022
531051,VINTAGES,VINTAGE SECURITIES LTD.,03 Feb 2022
514162,WELSPUNIND,WELSPUN INDIA LTD.,03 Feb 2022
505533,WESTLIFE,WESTLIFE DEVELOPMENT LTD.,03 Feb 2022
535755,ABFRL,Aditya Birla Fashion and Retail Ltd,04 Feb 2022
523411,ADCINDIA,ADC India Communications Limited-$,04 Feb 2022
534064,AIML,ALLIANCE INTEGRATED METALIKS LTD.,04 Feb 2022
539523,ALKEM,Alkem Laboratories Ltd,04 Feb 2022
526397,ALPHAGEO,ALPHAGEO (INDIA) LTD.-$,04 Feb 2022
506248,AMNPLST,AMINES & PLASTICIZERS LTD.,04 Feb 2022
540066,AMS,AMS Polymers Ltd,04 Feb 2022
506260,ANUHPHR,ANUH PHARMA LTD.,04 Feb 2022
542774,APMFINVEST,APM Finvest Ltd,04 Feb 2022
542721,ARL,Anand Rayons Ltd,04 Feb 2022
532830,ASTRAL,Astral Ltd,04 Feb 2022
505010,AUTOAXLES,AUTOMOTIVE AXLES LTD.,04 Feb 2022
540205,AVL,Aditya Vision Ltd,04 Feb 2022
543254,AWHCL,Antony Waste Handling Cell Ltd,04 Feb 2022
532149,BANKINDIA,BANK OF INDIA,04 Feb 2022
506285,BAYERCROP,BAYER CROPSCIENCE LTD.,04 Feb 2022
500335,BIRLACORPN,BIRLA CORPORATION LTD.,04 Feb 2022
532290,BLBLIMITED,BLB LTD.,04 Feb 2022
531327,CHARMS,CHARMS INDUSTRIES LTD.,04 Feb 2022
543441,CMSINFO,CMS Info Systems Ltd,04 Feb 2022
500147,COCKERILL,John Cockerill India Ltd-$,04 Feb 2022
541770,CREDITACC,CreditAccess Grameen Ltd,04 Feb 2022
532210,CUB,CITY UNION BANK LTD.,04 Feb 2022
500097,DALMIASUG,Dalmia Bharat Sugar and Industries Ltd,04 Feb 2022
514030,DEEPAKSP,DEEPAK SPINNERS LTD.-$,04 Feb 2022
543330,DEVYANI,Devyani International Ltd,04 Feb 2022
519588,DFM,DFM FOODS LTD.,04 Feb 2022
540724,DIAMONDYD,Prataap Snacks Ltd,04 Feb 2022
517214,DIGISPICE,Digispice Technologies Ltd-$,04 Feb 2022
500068,DISAQ,DISA INDIA LTD.,04 Feb 2022
526468,EUROLED,EURO LEDER FASHION LTD.,04 Feb 2022
531508,EVEREADY,EVEREADY INDUSTRIES INDIA LTD.,04 Feb 2022
532809,FSL,FIRSTSOURCE SOLUTIONS LTD.,04 Feb 2022
526727,GARNET,GARNET CONSTRUCTION LTD.,04 Feb 2022
514400,GARWSYN,GARWARE SYNTHETICS LTD.,04 Feb 2022
532345,GATI,GATI LTD.,04 Feb 2022
500670,GNFC,GUJARAT NARMADA VALLEY FERTILIZERS & CHEMICALS LTD.,04 Feb 2022
540743,GODREJAGRO,Godrej Agrovet Ltd,04 Feb 2022
531600,GOGIACAP,Gogia Capital Services Limited,04 Feb 2022
531111,GOTHIPL,GOTHI PLASCON (INDIA) LTD.,04 Feb 2022
517288,GUJARATPOLY,Gujarat Poly Electronics Ltd,04 Feb 2022
514386,GUJCOTEX,GUJARAT COTEX LTD.,04 Feb 2022
532457,GULPOLY,GULSHAN POLYOLS LTD.,04 Feb 2022
509597,HARDCAS,HARDCASTLE & WAUD MFG.CO.LTD.,04 Feb 2022
532041,HINDBIO,HINDUSTAN BIO SCIENCES LTD.,04 Feb 2022
539149,ICSL,Integrated Capital Services Ltd,04 Feb 2022
539448,INDIGO,InterGlobe Aviation Ltd,04 Feb 2022
505358,INTEGRAEN,INTEGRA ENGINEERING INDIA LTD.,04 Feb 2022
524164,IOLCP,IOL CHEMICALS & PHARMACEUTICALS LTD.,04 Feb 2022
523638,IPRINGLTD,IP RINGS LTD.-$,04 Feb 2022
523467,JAIMATAG,JAI MATA GLASS LTD.,04 Feb 2022
520051,JAMNAAUTO,JAMNA AUTO INDUSTRIES LTD.,04 Feb 2022
523062,JJFINCOR,J.J.FINANCE CORPORATION LTD.,04 Feb 2022
530019,JUBLPHARMA,Jubilant Pharmova Ltd,04 Feb 2022
504076,JYOTI,JYOTI LTD.-$,04 Feb 2022
540680,KIOCL,KIOCL Ltd,04 Feb 2022
500252,LAXMIMACH,LAKSHMI MACHINE WORKS LTD.,04 Feb 2022
517415,LEENEE,LEE & NEE SOFTWARES (EXPORTS) LTD.,04 Feb 2022
531027,LIBORD,LIBORD SECURITIES LTD.,04 Feb 2022
540650,MAGADHSUGAR,Magadh Sugar & Energy Ltd,04 Feb 2022
532313,MAHLIFE,MAHINDRA LIFESPACE DEVELOPERS LTD.,04 Feb 2022
505850,MANCREDIT,MANGAL CREDIT AND FINCORP LTD.,04 Feb 2022
532637,MANGALAM,MANGALAM DRUGS & ORGANICS LTD.,04 Feb 2022
513496,MEWATZI,MEWAT ZINC LTD.,04 Feb 2022
538962,MINDACORP,Minda Corporation Ltd,04 Feb 2022
538836,MONTECARLO,Monte Carlo Fashions Ltd,04 Feb 2022
501477,MULLER,MULLER & PHIPPS (INDIA) LTD.,04 Feb 2022
539551,NH,Narayana Hrudayalaya Ltd,04 Feb 2022
535458,NIBL,NRB INDUSTRIAL BEARINGS LTD.,04 Feb 2022
500730,NOCIL,NOCIL LTD.,04 Feb 2022
521080,PASARI,PASARI SPINNING MILLS LTD.,04 Feb 2022
543396,PAYTM,One 97 Communications Ltd,04 Feb 2022
517119,PCS,PCS TECHNOLOGY LTD.,04 Feb 2022
526435,PERFEPA,PERFECTPAC LTD.,04 Feb 2022
506022,PRAKASH,PRAKASH INDUSTRIES LTD.,04 Feb 2022
514223,RAMGOPOLY,RAMGOPAL POLYTEX LTD.,04 Feb 2022
500360,RAPICUT,RAPICUT CARBIDES LTD.,04 Feb 2022
540796,RATNABHUMI,Ratnabhumi Developers Ltd,04 Feb 2022
532955,RECLTD,REC Ltd,04 Feb 2022
504341,RELTD,Ravindra Energy Ltd,04 Feb 2022
531952,RIBATEX,RIBA TEXTILES LTD.,04 Feb 2022
531539,RISHDIGA,RISHABH DIGHA STEEL & ALLIED PRODUCTS LTD.-$,04 Feb 2022
517273,S&SPOWER,S&S POWER SWITCHGEAR LTD.,04 Feb 2022
515043,SAINTGOBAIN,SAINT-GOBAIN SEKURIT INDIA LTD.,04 Feb 2022
540497,SCHAND,S Chand and Company Ltd,04 Feb 2022
500387,SHREECEM,SHREE CEMENT LTD.,04 Feb 2022
500550,SIEMENS,SIEMENS LTD.,04 Feb 2022
523606,SIKA,SIKA INTERPLANT SYSTEMS LTD.,04 Feb 2022
502742,SINTEX,SINTEX INDUSTRIES LTD.,04 Feb 2022
504398,SJCORP,SJ CORPORATION LTD.,04 Feb 2022
505827,SNL,SNL BEARINGS LTD.,04 Feb 2022
532872,SPARC,SUN PHARMA ADVANCED RESEARCH COMPANY LTD.,04 Feb 2022
533301,SPYL,SHEKHAWATI POLY-YARN LTD.,04 Feb 2022
500470,TATASTEEL,TATA STEEL LTD.,04 Feb 2022
500411,THERMAX,THERMAX LTD.,04 Feb 2022
531279,TRISHAKT,TRISHAKTI ELECTRONICS & INDUSTRIES LTD.,04 Feb 2022
511096,TVOLCON,TIVOLI CONSTRUCTION LTD.,04 Feb 2022
539141,UFO,UFO Moviez India Ltd,04 Feb 2022
530363,UGARSUGAR,UGAR SUGAR WORKS LTD.-$,04 Feb 2022
538706,ULTRACAB,Ultracab (India) Ltd,04 Feb 2022
500231,UMANGDAIR,UMANG DAIRIES LTD.,04 Feb 2022
531762,UNJHAFOR,UNJHA FORMULATIONS LTD.,04 Feb 2022
519156,VADILALIND,VADILAL INDUSTRIES LTD.-$,04 Feb 2022
519152,VADILENT,VADILAL ENTERPRISES LTD.,04 Feb 2022
532389,VALECHAENG,VALECHA ENGINEERING LTD.-$,04 Feb 2022
542931,VARDHANCFL,Vardhan Capital & Finance Ltd,04 Feb 2022
523261,VENKYS,VENKY'S (INDIA) LTD.,04 Feb 2022
543350,VIJAYA,Vijaya Diagnostic Centre Ltd,04 Feb 2022
509055,VISAKAIND,VISAKA INDUSTRIES LTD.,04 Feb 2022
531396,WOMENNET,WOMEN NETWORKS LTD.,04 Feb 2022
590013,XPROINDIA,XPRO INDIA LTD.,04 Feb 2022
523650,YASHINNO,Yash Innoventures Ltd,04 Feb 2022
533287,ZEELEARN,ZEE LEARN LTD.,04 Feb 2022
505525,ZPARICIN,PARICHAY INVESTMENTS LTD.,04 Feb 2022
524208,AARTIIND,AARTI INDUSTRIES LTD.,05 Feb 2022
532762,ACE,ACTION CONSTRUCTION EQUIPMENT LTD.,05 Feb 2022
526711,ADARSHPL,ADARSH PLANT PROTECT LTD.,05 Feb 2022
540025,ADVENZYMES,Advanced Enzyme Technologies Ltd,05 Feb 2022
542752,AFFLE,Affle (India) Ltd,05 Feb 2022
530499,AKCAPIT,A.K.CAPITAL SERVICES LTD.,05 Feb 2022
500343,AMJLAND,AMJ Land Holdings Ltd,05 Feb 2022
500012,ANDHRAPET,ANDHRA PETROCHEMICALS LTD.,05 Feb 2022
542437,ANMOL,Anmol India Ltd,05 Feb 2022
526935,ARUNIS,Arunis Abode Ltd,05 Feb 2022
514286,ASHIMASYN,ASHIMA LTD.,05 Feb 2022
538713,ATISHAY,Atishay Ltd,05 Feb 2022
500039,BANCOINDIA,BANCO PRODUCTS (INDIA) LTD.-$,05 Feb 2022
532134,BANKBARODA,BANK OF BARODA,05 Feb 2022
506935,CONTCHM,CONTINENTAL CHEMICALS LTD.,05 Feb 2022
531521,DESHRAK,DESH RAKSHAK AUSHDHALAYA LTD.,05 Feb 2022
526315,DIVSHKT,DIVYASHAKTI GRANITES LTD.,05 Feb 2022
533146,DLINKINDIA,D-Link (India) Ltd,05 Feb 2022
531155,EPSOMPRO,EPSOM PROPERTIES LTD.,05 Feb 2022
521014,EUROTEXIND,EUROTEX INDUSTRIES & EXPORTS LTD.,05 Feb 2022
538881,GALADAFIN,Galada Finance Ltd,05 Feb 2022
514167,GANECOS,GANESHA ECOSPHERE LTD.,05 Feb 2022
540614,GGENG,G G Engineering Ltd,05 Feb 2022
543401,GOCOLORS,Go Fashion (India) Ltd,05 Feb 2022
500166,GOODRICKE,GOODRICKE GROUP LTD.,05 Feb 2022
518029,GSCLCEMENT,GUJARAT SIDHEE CEMENT LTD.,05 Feb 2022
504176,HIGHENE,HIGH ENERGY BATTERIES (INDIA) LTD.,05 Feb 2022
532644,JKCEMENT,J.K.CEMENT LTD.,05 Feb 2022
514448,JYOTIRES,JYOTI RESINS & ADHESIVES LTD.,05 Feb 2022
523828,MENONBE,MENON BEARINGS LTD.-$,05 Feb 2022
519136,NAHARINDUS,NAHAR INDUSTRIAL ENTERPRISES LTD.-$,05 Feb 2022
531287,NATPLASTI,NATIONAL PLASTIC TECHNOLOGIES LTD.,05 Feb 2022
539598,ORACLECR,Oracle Credit Ltd,05 Feb 2022
512626,ORBTEXP,ORBIT EXPORTS LTD.,05 Feb 2022
539889,PARAGMILK,Parag Milk Foods Ltd,05 Feb 2022
539785,PDMJEPAPER,Pudumjee Paper Products Ltd,05 Feb 2022
513532,PRADPME,PRADEEP METALS LTD.,05 Feb 2022
530951,RAMINFO,RAMINFO LIMITED,05 Feb 2022
533262,RAMKY,RAMKY INFRASTRUCTURE LTD.,05 Feb 2022
531307,RRIL,RRIL Ltd,05 Feb 2022
543229,SAMRATFORG,Samrat Forgings Ltd,05 Feb 2022
504614,SARDAEN,SARDA ENERGY & MINERALS LTD.-$,05 Feb 2022
502175,SAURASHCEM,SAURASHTRA CEMENT LTD.,05 Feb 2022
500112,SBIN,STATE BANK OF INDIA,05 Feb 2022
530075,SELAN,SELAN EXPLORATION TECHNOLOGY LTD.-$,05 Feb 2022
512453,SHRJAGP,SHRI JAGDAMBA POLYMERS LTD.,05 Feb 2022
590072,SUNDRMBRAK,SUNDARAM BRAKE LININGS LTD.,05 Feb 2022
521180,SUPERSPIN,SUPER SPINNING MILLS LTD.,05 Feb 2022
500422,TRANSCHEM,TRANSCHEM LTD.-$,05 Feb 2022
512307,TYPHOON,TYPHOON HOLDINGS LTD.,05 Feb 2022
542904,UJJIVANSFB,Ujjivan Small Finance Bank Ltd,05 Feb 2022
532729,UTTAMSUGAR,UTTAM SUGAR MILLS LTD.,05 Feb 2022
500439,VHL,VARDHMAN HOLDINGS LTD.,05 Feb 2022
506103,VICTENT,VICTORIA ENTERPRISES LTD.,05 Feb 2022
532373,WEPSOLN,WEP SOLUTIONS LTD.,05 Feb 2022
514266,ZENIFIB,ZENITH FIBRES LTD.-$,05 Feb 2022
540874,7SEASL,7Seas Entertainment Ltd,07 Feb 2022
514274,AARVEEDEN,AARVEE DENIMS & EXPORTS LTD.,07 Feb 2022
539560,ABHIJIT,Abhijit Trading Company Ltd,07 Feb 2022
523269,ADVANIHOTR,ADVANI HOTELS & RESORTS (INDIA) LTD.,07 Feb 2022
531921,AGARIND,AGARWAL INDUSTRIAL CORPORATION LTD.,07 Feb 2022
539177,AIIL,Authum Investment & Infrastructure Ltd,07 Feb 2022
505216,ALFREDHE,ALFRED HERBERT (INDIA) LTD.,07 Feb 2022
524634,ALUFLUOR,ALUFLUORIDE LTD.,07 Feb 2022
543349,AMIORG,Ami Organics Ltd,07 Feb 2022
507525,AMRITCORP,AMRIT CORP.LTD.-$,07 Feb 2022
537069,ARNOLD,Arnold Holdings Ltd,07 Feb 2022
507872,ASHNOOR,ASHNOOR TEXTILE MILLS LTD.,07 Feb 2022
539289,AURUM,Aurum PropTech Ltd,07 Feb 2022
500041,BANARISUG,BANNARI AMMAN SUGARS LTD.,07 Feb 2022
511698,BHAGYFN,BHAGYASHREE LEASING & FINANCE LTD.,07 Feb 2022
531671,BISIL,Bisil Plast Limited,07 Feb 2022
508939,BLCISER,BLUE CIRCLE SERVICES LTD.,07 Feb 2022
531175,BLSINFOTE,BLS INFOTECH LTD.,07 Feb 2022
509470,BOMOXY-B1,Bombay Oxygen Investments Ltd,07 Feb 2022
543212,BOROLTD,Borosil Ltd,07 Feb 2022
517421,BUTTERFLY,Butterfly Gandhimathi Appliances Ltd,07 Feb 2022
532834,CAMLINFINE,CAMLIN FINE SCIENCES LTD.,07 Feb 2022
500870,CASTROLIND,CASTROL INDIA LTD.,07 Feb 2022
543233,CHEMCON,Chemcon Speciality Chemicals Ltd,07 Feb 2022
538786,CIL,Citizen Infoline Ltd,07 Feb 2022
543318,CLEAN,Clean Science and Technology Ltd,07 Feb 2022
532456,COMPUAGE,COMPUAGE INFOCOM LTD.,07 Feb 2022
507833,COMPUPN,COMPUTER POINT LTD.,07 Feb 2022
532339,COMPUSOFT,COMPUCOM SOFTWARE LTD.-$,07 Feb 2022
519413,DATIWARE,Datiware Maritime Infra Ltd,07 Feb 2022
539405,DITCO,Decorous Investment & Trading Co Ltd,07 Feb 2022
523732,ECOBOAR,ECOBOARD INDUSTRIES LTD.,07 Feb 2022
523696,FORTISMLR,Fortis Malar Hospitals Limited,07 Feb 2022
540798,FSC,Future Supply Chain Solutions Ltd,07 Feb 2022
505714,GABRIEL,GABRIEL INDIA LTD.-$,07 Feb 2022
517300,GIPCL,GUJARAT INDUSTRIES POWER CO.LTD.,07 Feb 2022
500660,GLAXO,GLAXOSMITHKLINE PHARMACEUTICALS LTD.,07 Feb 2022
513528,GLITTEKG,GLITTEK GRANITES LTD.,07 Feb 2022
532980,GOKUL,GOKUL REFOILS & SOLVENT LTD.,07 Feb 2022
531608,GORANIN,GORANI INDUSTRIES LTD.,07 Feb 2022
532160,GUJSTATFIN,Gujarat State Financial Corporation,07 Feb 2022
532334,HBESD,HB ESTATE DEVELOPERS LTD.,07 Feb 2022
539224,HCKKVENTURE,HCKK Ventures Ltd,07 Feb 2022
521016,ICIL,INDO COUNT INDUSTRIES LTD.,07 Feb 2022
532814,INDIANB,INDIAN BANK,07 Feb 2022
522165,INDSILHYD,INDSIL HYDRO POWER AND MANGANESE LTD.-$,07 Feb 2022
537985,INFRONICS,Infronics Systems Ltd,07 Feb 2022
504746,INLCM,INDIAN LINK CHAIN MANUFACTURES LTD.,07 Feb 2022
526859,ISFL,ISF LIMITED,07 Feb 2022
505212,JAINEX,JAINEX AAMCOL LTD.,07 Feb 2022
539947,JLL,Jindal Leasefin Ltd,07 Feb 2022
511092,JMDVL,JMD Ventures Ltd,07 Feb 2022
523405,JMFINANCIL,JM FINANCIAL LTD.-$,07 Feb 2022
538092,JOONKTOLL,Joonktollee Tea & Industries Ltd,07 Feb 2022
532508,JSL,JINDAL STAINLESS LTD.,07 Feb 2022
526668,KAMATHOTEL,KAMAT HOTELS (INDIA) LTD.,07 Feb 2022
538896,KANCHI,Kanchi Karpooram Ltd,07 Feb 2022
532889,KPRMILL,K.P.R. Mill Limited,07 Feb 2022
540702,LASA,Lasa Supergenerics Ltd,07 Feb 2022
505693,LATIMMETAL,La Tim Metal & Industries Ltd,07 Feb 2022
532829,LEHAR,Lehar Footwears Ltd,07 Feb 2022
511593,LIBORDFIN,Libord Finance Ltd,07 Feb 2022
543240,LIKHITHA,Likhitha Infrastructure Ltd,07 Feb 2022
530689,LYKISLTD,Lykis Limited,07 Feb 2022
513554,MAHASTEEL,MAHAMAYA STEEL INDUSTRIES LTD.,07 Feb 2022
500277,MIDINDIA,MID INDIA INDUSTRIES LTD.,07 Feb 2022
532539,MINDAIND,MINDA INDUSTRIES LTD.-$,07 Feb 2022
526891,MKTCREAT,MARKET CREATORS LTD.,07 Feb 2022
522241,MMFL,M.M.FORGINGS LTD.-$,07 Feb 2022
503776,MODIPON,MODIPON LTD.,07 Feb 2022
526263,MOLDTEK,MOLD-TEK TECHNOLOGIES LTD.,07 Feb 2022
538743,MUDUNURU,Mudunuru Ltd,07 Feb 2022
519455,NARBADA,NARBADA GEMS AND JEWELLERY LTD.,07 Feb 2022
514332,NEOINFRA,NEO INFRACON LTD.,07 Feb 2022
524774,NGLFINE,NGL FINE-CHEM LTD.,07 Feb 2022
535136,NIBE,NIBE Ltd,07 Feb 2022
506532,NITTAGELA,NITTA GELATIN INDIA LTD.-$,07 Feb 2022
531209,NUCLEUS,NUCLEUS SOFTWARE EXPORTS LTD.,07 Feb 2022
504879,ORIENTABRA,ORIENT ABRASIVES LTD.-$,07 Feb 2022
532900,PAISALO,Paisalo Digital Ltd,07 Feb 2022
500456,PASUPTAC,PASUPATI ACRYLON LTD.,07 Feb 2022
503031,PENINLAND,PENINSULA LAND LTD.,07 Feb 2022
503100,PHOENIXLTD,The Phoenix Mills Ltd,07 Feb 2022
543390,POLICYBZR,PB Fintech Ltd,07 Feb 2022
532626,PONDYOXIDE,PONDY OXIDES & CHEMICALS LTD.,07 Feb 2022
540727,POOJA,Poojawestern Metaliks Ltd,07 Feb 2022
523539,PRECWIRE,PRECISION WIRES INDIA LTD.,07 Feb 2022
519299,PRIMIND,PRIME INDUSTRIES LTD.,07 Feb 2022
533295,PSB,PUNJAB & SIND BANK,07 Feb 2022
505502,PSITINFRA,PS IT Infrastructure & Services Limited,07 Feb 2022
538646,QGO,QGO Finance Ltd,07 Feb 2022
539515,QUINT,Quint Digital Media Ltd,07 Feb 2022
531887,RAHME,RAHUL MERCHANDISING LTD.,07 Feb 2022
532923,RGL,Renaissance Global Ltd,07 Feb 2022
500350,RSWM,RSWM LTD.,07 Feb 2022
540143,SAGARSOFT,Sagarsoft (India) Ltd,07 Feb 2022
530905,SAINDUS,SAI INDUSTRIES LTD.,07 Feb 2022
517059,SALZER,SALZER ELECTRONICS LTD.-$,07 Feb 2022
520075,SAMKRG,SAMKRG PISTONS & RINGS LTD.-$,07 Feb 2022
543358,SANSERA,Sansera Engineering Ltd,07 Feb 2022
512634,SAVERA,SAVERA INDUSTRIES LTD.,07 Feb 2022
512161,SECURKLOUD,Securekloud Technologies Ltd,07 Feb 2022
532908,SHARONBIO,SHARON BIO-MEDICINE LTD.-$,07 Feb 2022
532776,SHIVAMAUTO,SHIVAM AUTOTECH LTD.,07 Feb 2022
511108,SHIVTEX,SHIVA TEXYARN LTD.,07 Feb 2022
539450,SHK,S H Kelkar and Company Ltd,07 Feb 2022
503863,SHRMFGC,SHREE MANUFACTURING CO.LTD.,07 Feb 2022
541358,SHWL,Shree Worstex Ltd,07 Feb 2022
526877,SIDDHEGA,SIDDHESWARI GARMENTS LTD.,07 Feb 2022
503229,SIMPLXREA,SIMPLEX REALTY LTD.,07 Feb 2022
539584,SIPTL,Sharanam Infraproject and Trading Ltd,07 Feb 2022
539363,SKC,Sri Krishna Constructions (India) Ltd,07 Feb 2022
534680,SRGHFL,SRG HOUSING FINANCE LTD.,07 Feb 2022
501110,SUNRINV,SUNRISE INDUSTRIAL TRADERS LTD.,07 Feb 2022
512527,SUPER,SUPER SALES INDIA LTD.-$,07 Feb 2022
538987,TALBROSENG,Talbros Engineering Ltd,07 Feb 2022
543399,TARSONS,Tarsons Products Ltd,07 Feb 2022
523301,TCPLPACK,TCPL PACKAGING LTD.-$,07 Feb 2022
505400,TEXINFRA,TEXMACO INFRASTRUCTURE & HOLDINGS LTD.,07 Feb 2022
533326,TEXRAIL,TEXMACO RAIL & ENGINEERING LTD.,07 Feb 2022
539468,TFSL,Typhoon Financial Services Ltd,07 Feb 2022
530023,THEINVEST,The Investment Trust Of India Ltd,07 Feb 2022
540762,TIINDIA,Tube Investments of India Ltd,07 Feb 2022
532928,TRIL,TRANSFORMERS AND RECTIFIERS (INDIA) LTD.,07 Feb 2022
538597,TTIENT,TTI Enterprise Ltd,07 Feb 2022
532343,TVSMOTOR,TVS MOTOR COMPANY LTD.,07 Feb 2022
532477,UNIONBANK,UNION BANK OF INDIA,07 Feb 2022
500429,UNIPHOS,UNIPHOS ENTERPRISES LTD.,07 Feb 2022
522091,UVDRHOR,UNITED VAN DER HORST LTD.,07 Feb 2022
540145,VALIANTORG,Valiant Organics Ltd,07 Feb 2022
533056,VEDAVAAG,VEDAVAAG SYSTEMS LTD.,07 Feb 2022
531334,VIKALPS,VIKALP SECURITIES LTD.,07 Feb 2022
526075,VINRKLB,REKVINA LABORATORIES LTD.,07 Feb 2022
522122,VOITHPAPR,VOITH PAPER FABRICS INDIA LTD.-$,07 Feb 2022
542667,WORL,White Organic Retail Ltd,07 Feb 2022
505872,WPIL,WPIL LTD.,07 Feb 2022
543416,ZODIAC,Zodiac Energy Ltd,07 Feb 2022
513149,ACROW,ACROW INDIA LTD.,08 Feb 2022
532056,ADIEXRE,ADINATH EXIM RESOURCES LTD.,08 Feb 2022
513349,AJMERA,AJMERA REALTY & INFRA INDIA LTD.,08 Feb 2022
533029,ALKALI,ALKALI METALS LTD.,08 Feb 2022
539277,ALSTONE,Alstone Textiles (India) Ltd,08 Feb 2022
526662,ARENTERP,RAJDARSHAN INDUSTRIES LTD.,08 Feb 2022
524412,AREYDRG,AAREY DRUGS & PHARMACEUTICALS LTD.,08 Feb 2022
527001,ASHAPURMIN,ASHAPURA MINECHEM LTD.,08 Feb 2022
524695,ASIANFR,ASIAN FERTILIZERS LTD.,08 Feb 2022
540975,ASTERDM,Aster DM Healthcare Ltd,08 Feb 2022
506820,ASTRAZEN,ASTRAZENECA PHARMA INDIA LTD.,08 Feb 2022
512433,ASUTENT,ASUTOSH ENTERPRISES LTD.,08 Feb 2022
500031,BAJAJELEC,BAJAJ ELECTRICALS LTD.-$,08 Feb 2022
500043,BATAINDIA,BATA INDIA LTD.,08 Feb 2022
508664,BESTEAST,BEST EASTERN HOTELS LTD.,08 Feb 2022
532454,BHARTIARTL,BHARTI AIRTEL LTD.,08 Feb 2022
524663,BIBCL,BHARAT IMMUNOLOGICALS & BIOLOGICALS CORPORATION LTD.-$,08 Feb 2022
524723,BIJHANS,BIJOY HANS LTD.,08 Feb 2022
502219,BORORENEW,Borosil Renewables Ltd,08 Feb 2022
514045,BSL,BSL LTD.,08 Feb 2022
521244,CHITRTX,CHITRADURGA SPINTEX LTD.,08 Feb 2022
532992,CHLLTD,CHL LTD.,08 Feb 2022
526269,CRSTCHM,CRESTCHEM LTD.,08 Feb 2022
539596,DELTA,Delta Industrial Resources Ltd,08 Feb 2022
500125,EIDPARRY,E.I.D.-PARRY (INDIA) LTD.,08 Feb 2022
540204,EIKO,Eiko Lifesciences Ltd,08 Feb 2022
540153,ENDURANCE,Endurance Technologies Ltd,08 Feb 2022
531502,ESARIND,ESAAR (INDIA) LTD.,08 Feb 2022
500495,ESCORTS,ESCORTS LTD.,08 Feb 2022
533109,EUROMULTI,EURO MULTIVISION LTD.,08 Feb 2022
540190,FRANKLININD,Franklin Industries Ltd,08 Feb 2022
531375,GCCLINP,GCCL INFRASTRUCTURE & PROJECTS LTD.,08 Feb 2022
532764,GEECEE,GeeCee Ventures Limited,08 Feb 2022
532716,GILLANDERS,GILLANDERS ARBUTHNOT & CO.LTD.,08 Feb 2022
590025,GINNIFILA,GINNI FILAMENTS LTD.,08 Feb 2022
543322,GLS,Glenmark Life Sciences Ltd,08 Feb 2022
509567,GOACARBON,GOA CARBON LTD.-$,08 Feb 2022
532424,GODREJCP,GODREJ CONSUMER PRODUCTS LTD.,08 Feb 2022
526729,GOLDIAM,GOLDIAM INTERNATIONAL LTD.,08 Feb 2022
532482,GRANULES,GRANULES INDIA LTD.-$,08 Feb 2022
501455,GREAVESCOT,GREAVES COTTON LTD.,08 Feb 2022
531737,GREENCREST,Greencrest Financial Services Limited,08 Feb 2022
538979,GRNLAMIND,Greenlam Industries Ltd,08 Feb 2022
530001,GUJALKALI,GUJARAT ALKALIES & CHEMICALS LTD.,08 Feb 2022
539336,GUJGAS,Gujarat Gas Ltd,08 Feb 2022
532543,GULFPETRO,GP Petroleums Limited,08 Feb 2022
532333,HBPOR,HB PORTFOLIO LTD.,08 Feb 2022
500179,HCL-INSYS,HCL INFOSYSTEMS LTD.,08 Feb 2022
500292,HEIDELBERG,HEIDELBERGCEMENT INDIA LTD.,08 Feb 2022
509895,HINDMILL,HINDOOSTAN MILLS LTD.,08 Feb 2022
532514,IGL,INDRAPRASTHA GAS LTD.,08 Feb 2022
500202,INDLEASE,INDIA LEASE DEVELOPMENT LTD.,08 Feb 2022
532150,INDRAMEDCO,INDRAPRASTHA MEDICAL CORP.LTD.,08 Feb 2022
532305,INDSWFTLAB,IND-SWIFT LABORATORIES LTD.,08 Feb 2022
523586,INDTONER,INDIAN TONERS & DEVELOPERS LTD.-$,08 Feb 2022
512025,INERTIAST,INERTIA STEEL LTD.,08 Feb 2022
532774,INSPIRISYS,Inspirisys Solutions Ltd,08 Feb 2022
534732,INTELLADV,INTELLIVATE CAPITAL ADVISORS LTD.,08 Feb 2022
512405,IPOWER,I-POWER SOLUTIONS INDIA LTD.,08 Feb 2022
542830,IRCTC,Indian Railway Catering and Tourism Corporation Ltd,08 Feb 2022
508918,IRONWOOD,Ironwood Education Ltd,08 Feb 2022
532209,J&KBANK,JAMMU & KASHMIR BANK LTD.,08 Feb 2022
532705,JAGRAN,JAGRAN PRAKASHAN LTD.,08 Feb 2022
519319,JATALIA,Jatalia Global Ventures Ltd,08 Feb 2022
532605,JBMA,JBM AUTO LTD.,08 Feb 2022
523398,JCHAC,Johnson Controls-Hitachi Air Conditioning India Ltd,08 Feb 2022
517063,JETKINGQ,JETKING INFOTRAIN LTD.,08 Feb 2022
532771,JHS,JHS SVENDGAARD LABORATORIES LTD.,08 Feb 2022
532286,JINDALSTEL,JINDAL STEEL & POWER LTD.,08 Feb 2022
532940,JKIL,J.KUMAR INFRAPROJECTS LTD.,08 Feb 2022
532162,JKPAPER,JK PAPER LTD.,08 Feb 2022
501151,KARTKIN,KARTIK INVESTMENTS TRUST LTD.,08 Feb 2022
519602,KELLTONTEC,Kellton Tech Solutions Ltd.,08 Feb 2022
532924,KOLTEPATIL,KOLTE-PATIL DEVELOPERS LTD.,08 Feb 2022
505299,KPT,KPT Industries Ltd,08 Feb 2022
533289,KTIL,KESAR TERMINALS & INFRASTRUCTURE LTD.,08 Feb 2022
543398,LATENTVIEW,Latent View Analytics Ltd,08 Feb 2022
512600,MACINTR,MACRO (INTERNATIONAL) EXPORTS LTD.,08 Feb 2022
512377,MAGANTR,MAGNANIMOUS TRADE & FINANCE LTD.,08 Feb 2022
541974,MANORAMA,Manorama Industries Ltd,08 Feb 2022
522249,MAYURUNIQ,MAYUR UNIQUOTERS LTD.-$,08 Feb 2022
511401,MCLTD,Munoth Communication Ltd,08 Feb 2022
539957,MGL,Mahanagar Gas Ltd,08 Feb 2022
512153,MLINDLTD,M Lakhamsi Industries Ltd,08 Feb 2022
509760,MODRNSH,MODERN SHARES & STOCKBROKERS LTD.,08 Feb 2022
500288,MOREPENLAB,MOREPEN LABORATORIES LTD.,08 Feb 2022
501343,MOTOGENFIN,MOTOR & GENERAL FINANCE LTD.,08 Feb 2022
532470,MPFSL,MATHER & PLATT FIRE SYSTEMS LTD.,08 Feb 2022
531821,MUNOTHFI,MUNOTH FINANCIAL SERVICES LTD.,08 Feb 2022
524654,NATCAPSUQ,NATURAL CAPSULES LTD.,08 Feb 2022
500294,NCC,NCC Limited,08 Feb 2022
508924,NORTHPR,NORTHERN PROJECTS LTD.,08 Feb 2022
532944,ONMOBILE,OnMobile Global Ltd.,08 Feb 2022
531859,ORIRAIL,Oriental Rail Infrastructure Ltd,08 Feb 2022
526905,PADMAIND,Padmanabh Industries Limited,08 Feb 2022
530305,PICCADIL,PICCADILY AGRO INDUSTRIES LTD.,08 Feb 2022
507498,PICCASUG,PICCADILY SUGAR & ALLIED INDUSTRIES LTD.,08 Feb 2022
522205,PRAJIND,PRAJ INDUSTRIES LTD.,08 Feb 2022
535514,PRIMECAPM,PRIME CAPITAL MARKET LTD.,08 Feb 2022
511557,PROFINC,PRO FIN CAPITAL SERVICES LTD.,08 Feb 2022
538993,PUROHITCON,Purohit Construction Ltd,08 Feb 2022
531437,PWASML,Prakash Woollen & Synthetic Mills Ltd,08 Feb 2022
505800,RANEHOLDIN,RANE HOLDINGS LTD.,08 Feb 2022
520111,RATNAMANI,RATNAMANI METALS & TUBES LTD.-$,08 Feb 2022
537840,RAUNAQEPC,Raunaq EPC International Ltd,08 Feb 2022
532805,REDINGTON,REDINGTON (INDIA) LTD.,08 Feb 2022
541556,RITES,RITES Ltd,08 Feb 2022
533552,RUPA,RUPA & COMPANY LTD.,08 Feb 2022
523025,SAFARIND,SAFARI INDUSTRIES (INDIA) LTD.,08 Feb 2022
519031,SHAHFOOD,SHAH FOODS LTD.,08 Feb 2022
526137,SHETR,SHETRON LTD.,08 Feb 2022
508961,SHRICON,SHRICON INDUSTRIES LTD.,08 Feb 2022
530017,SIL,STANDARD INDUSTRIES LTD.,08 Feb 2022
521194,SILINV,SIL INVESTMENTS LTD.,08 Feb 2022
543387,SJS,S.J.S. Enterprises Ltd,08 Feb 2022
530977,SKCIL,Shri Keshav Cements And Infra Ltd,08 Feb 2022
508905,SMIFS,SMIFS CAPITAL MARKETS LTD.,08 Feb 2022
533110,SPSL,SHREE PRECOATED STEELS LTD.,08 Feb 2022
530037,SREEJAYA,SREE JAYALAKSHMI AUTOSPIN LTD.,08 Feb 2022
506105,STANROS,STANROSE MAFATLAL INVESTMENTS AND FINANCE LTD.,08 Feb 2022
530759,STERTOOLS,STERLING TOOLS LTD.-$,08 Feb 2022
543260,STOVEKRAFT,Stove Kraft Ltd,08 Feb 2022
526500,STRGRENWO,STERLING GREEN WOODS LTD.,08 Feb 2022
543064,SUVENPHAR,Suven Pharmaceuticals Ltd,08 Feb 2022
537259,SUYOG,Suyog Telematics Ltd,08 Feb 2022
513307,SYNTHFO,SYNTHIKO FOILS LTD.,08 Feb 2022
507785,TAINWALCHM,TAINWALA CHEMICALS & PLASTICS (INDIA) LTD.,08 Feb 2022
532890,TAKE,TAKE SOLUTIONS LTD.,08 Feb 2022
519091,TASTYBIT,TASTY BITE EATABLES LTD.,08 Feb 2022
509945,THACKER,THACKER & CO.LTD.,08 Feb 2022
532410,TRANSCOR,TRANSCORP INTERNATIONAL LTD.,08 Feb 2022
506687,TRANSPEK,TRANSPEK INDUSTRY LTD.-$,08 Feb 2022
542233,TREJHARA,Trejhara Solutions Ltd,08 Feb 2022
505854,TRF,TRF LTD.-$,08 Feb 2022
532371,TTML,TATA TELESERVICES (MAHARASHTRA) LTD.,08 Feb 2022
511742,UGROCAP,Ugro Capital Ltd,08 Feb 2022
531831,UNISH,UNISYS SOFTWARES & HOLDING INDUSTRIES LTD.,08 Feb 2022
531444,VARDHMAN,Vardhman Concrete Limited,08 Feb 2022
533156,VASCONEQ,Vascon Engineers Ltd,08 Feb 2022
539123,VBIND,V B Industries Ltd,08 Feb 2022
503349,VICTMILL,VICTORIA MILLS LTD.,08 Feb 2022
534618,WAAREERTL,Waaree Renewable Technologies Ltd,08 Feb 2022
524212,WANBURY,WANBURY LTD.,08 Feb 2022
511690,WARNER,WARNER MULTIMEDIA LTD.,08 Feb 2022
511601,YASHMGM,YASH MANAGEMENT & SATELLITE LTD.,08 Feb 2022
522108,YUKEN,YUKEN INDIA LTD.-$,08 Feb 2022
512245,ZNIVITRD,NIVI TRADING LTD.,08 Feb 2022
532628,3IINFOTECH,3I INFOTECH LTD.,09 Feb 2022
533292,A2ZINFRA,A2Z Infra Engineering Limited,09 Feb 2022
523204,ABAN,ABAN OFFSHORE LTD.,09 Feb 2022
500488,ABBOTINDIA,ABBOTT INDIA LTD.,09 Feb 2022
511756,ABIRAFN,ABIRAMI FINANCIAL SERVICES (INDIA) LTD.,09 Feb 2022
500410,ACC,ACC LTD.,09 Feb 2022
539493,ADHARSHILA,Adharshila Capital Services Ltd,09 Feb 2022
530431,ADORFO,ADOR FONTECH LTD.-$,09 Feb 2022
531409,ALCHCORP,ALCHEMIST CORPORATION LTD.,09 Feb 2022
513117,AMFORG,AMFORGE INDUSTRIES LTD.,09 Feb 2022
518091,APCL,ANJANI PORTLAND CEMENT LTD.-$,09 Feb 2022
532935,ARIES,ARIES AGRO LTD.,09 Feb 2022
500028,ATVPR,ATV PROJECTS INDIA LTD.,09 Feb 2022
524804,AUROPHARMA,AUROBINDO PHARMA LTD.,09 Feb 2022
512149,AVANCE,AVANCE TECHNOLOGIES LTD.,09 Feb 2022
532395,AXISCADES,Axiscades Technologies Ltd,09 Feb 2022
523319,BALMLAWRIE,BALMER LAWRIE & CO.LTD.,09 Feb 2022
500042,BASF,BASF INDIA LTD.,09 Feb 2022
503960,BBL,BHARAT BIJLEE LTD.-$,09 Feb 2022
509480,BERGEPAINT,BERGER PAINTS INDIA LTD.,09 Feb 2022
539662,BFLAFL,BFL Asset Finvest Ltd,09 Feb 2022
504646,BGWTATO,BHAGWATI AUTOCAST LTD.,09 Feb 2022
505688,BHARATGEAR,BHARAT GEARS LTD.,09 Feb 2022
500060,BIRLACABLE,Birla Cable Ltd,09 Feb 2022
500530,BOSCHLTD,BOSCH LTD.,09 Feb 2022
541096,BPLPHARMA,Bharat Parenterals Ltd,09 Feb 2022
537326,CHEMTECH,Chemtech Industrial Valves Ltd,09 Feb 2022
520131,COARO,COASTAL ROADWAYS LTD.,09 Feb 2022
533167,COROENGG,COROMANDEL ENGINEERING COMPANY LTD.,09 Feb 2022
532392,CREATIVEYE,CREATIVE EYE LTD.,09 Feb 2022
532772,DCBBANK,DCB Bank Limited,09 Feb 2022
501945,DHENUBUILD,DHENU BUILDCON INFRA LTD.,09 Feb 2022
531306,DHPIND,DHP INDIA LTD.,09 Feb 2022
500120,DIAMINESQ,DIAMINES & CHEMICALS LTD.-$,09 Feb 2022
505526,DOLATALGO,Dolat Algotech Ltd,09 Feb 2022
512519,DONEAR,DONEAR INDUSTRIES LTD.-$,09 Feb 2022
517238,DYNAVSN,DYNAVISION LTD.,09 Feb 2022
507528,EASTSUGIND,EASTERN SUGAR & INDUSTRIES LTD.,09 Feb 2022
523329,ELDEHSG,ELDECO HOUSING & INDUSTRIES LTD.,09 Feb 2022
509525,EMPIND,EMPIRE INDUSTRIES LTD.,09 Feb 2022
532178,ENGINERSIN,ENGINEERS INDIA LTD.,09 Feb 2022
532700,ENIL,ENTERTAINMENT NETWORK (INDIA) LTD.,09 Feb 2022
531599,FDC,FDC LTD.,09 Feb 2022
500144,FINCABLES,FINOLEX CABLES LTD.,09 Feb 2022
505744,FMGOETZE,FEDERAL-MOGUL GOETZE (INDIA) LTD.,09 Feb 2022
539486,GEETANJ,Geetanjali Credit and Capital Ltd,09 Feb 2022
506480,GOCLCORP,GOCL Corporation Ltd-$,09 Feb 2022
526965,GUJCRAFT,GUJARAT CRAFT INDUSTRIES LTD.,09 Feb 2022
538567,GULFOILLUB,Gulf Oil Lubricants India Ltd,09 Feb 2022
537709,HANSUGAR,Shree Hanuman Sugar & Industries Ltd,09 Feb 2022
509631,HEG,HEG LTD.,09 Feb 2022
505720,HERCULES,HERCULES HOISTS LTD.,09 Feb 2022
526899,HFIL,Himalaya Food International Ltd,09 Feb 2022
542332,HIKLASS,Hi-Klass Trading and Investment Ltd,09 Feb 2022
509635,HINDCOMPOS,HINDUSTAN COMPOSITES LTD.,09 Feb 2022
517380,IGARASHI,IGARASHI MOTORS INDIA LTD.,09 Feb 2022
506222,INEOSSTYRO,INEOS Styrolution India Ltd,09 Feb 2022
500210,INGERRAND,INGERSOLL-RAND (INDIA) LTD.,09 Feb 2022
539119,JAINMARMO,Jain Marmo Industries Ltd,09 Feb 2022
536493,JK AGRI,JK Agri Genetics Ltd,09 Feb 2022
504840,KAIRA,KAIRA CAN CO.LTD.,09 Feb 2022
506525,KANORICHEM,KANORIA CHEMICALS & INDUSTRIES LTD.,09 Feb 2022
531960,KASHYAP,Kashyap Tele-Medicines Ltd,09 Feb 2022
539393,KCL,Kabra Commercial Ltd,09 Feb 2022
533193,KECL,Kirloskar Electric Company Ltd,09 Feb 2022
507180,KESARENT,KESAR ENTERPRISES LTD.-$,09 Feb 2022
532067,KILPEST,KILPEST INDIA LTD.,09 Feb 2022
533293,KIRLOSENG,KIRLOSKAR OIL ENGINES LTD.,09 Feb 2022
523594,KUNSTOFF,KUNSTSTOFFE INDUSTRIES LTD.,09 Feb 2022
511048,KUSUMEL,KUSAM ELECTRICAL INDUSTRIES LTD.,09 Feb 2022
500284,LORDSCHLO,LORDS CHLORO ALKALI LTD.,09 Feb 2022
532796,LUMAXTECH,LUMAX AUTO TECHNOLOGIES LTD.,09 Feb 2022
506919,MAKERSL,MAKERS LABORATORIES LTD.-$,09 Feb 2022
512267,MMWL,MEDIA MATRIX WORLDWIDE LTD.,09 Feb 2022
532376,MRO-TEK,MRO-TEK Realty Ltd,09 Feb 2022
530119,NATRAJPR,NATRAJ PROTEINS LTD.,09 Feb 2022
539332,NAVKARCORP,Navkar Corporation Ltd,09 Feb 2022
532529,NDTV,NEW DELHI TELEVISION LTD.,09 Feb 2022
531272,NIKKIGL,NIKKI GLOBAL FINANCE LTD.,09 Feb 2022
500307,NIRLON,NIRLON LTD.,09 Feb 2022
532722,NITCO,NITCO LTD.,09 Feb 2022
530127,NPRFIN,NPR FINANCE LTD.,09 Feb 2022
543334,NUVOCO,Nuvoco Vistas Corporation Ltd,09 Feb 2022
543384,NYKAA,FSN E-Commerce Ventures Ltd,09 Feb 2022
509782,OSEASPR,OSEASPRE CONSULTANTS LTD.,09 Feb 2022
523483,PACIFICI,PACIFIC INDUSTRIES LTD.,09 Feb 2022
531280,PANKAJPO,PANKAJ POLYMERS LTD.,09 Feb 2022
530071,PARSOLI,PARSOLI CORPORATION LTD.,09 Feb 2022
531120,PATELENG,PATEL ENGINEERING LTD.-$,09 Feb 2022
532522,PETRONET,PETRONET LNG LTD.,09 Feb 2022
500126,PGHL,Procter & Gamble Health Ltd,09 Feb 2022
539883,PILANIINVS,Pilani Investment and Industries Corporation Ltd,09 Feb 2022
539195,POEL,POCL Enterprises Ltd,09 Feb 2022
531454,POLYLINK,POLYLINK POLYMERS (INDIA) LTD.,09 Feb 2022
532898,POWERGRID,POWER GRID CORPORATION OF INDIA LTD.,09 Feb 2022
543187,POWERINDIA,Hitachi Energy India Ltd,09 Feb 2022
531802,PRERINFRA,PRERNA INFRABUILD LTD.,09 Feb 2022
533274,PRESTIGE,PRESTIGE ESTATES PROJECTS LTD.,09 Feb 2022
540293,PRICOLLTD,Pricol Ltd,09 Feb 2022
500346,PUNJCOMMU,PUNJAB COMMUNICATIONS LTD.-$,09 Feb 2022
540270,RAIDEEPIND,Raideep Industries Ltd,09 Feb 2022
523289,RAMAVISION,RAMA VISION LTD.,09 Feb 2022
530925,RAMSONS,RAMSONS PROJECTS LTD.,09 Feb 2022
540175,REGENCY,Regency Fincorp Ltd,09 Feb 2022
512624,REGENTRP,Regent Enterprises Ltd,09 Feb 2022
503162,RELCHEMQ,RELIANCE CHEMOTEX INDUSTRIES LTD.-$,09 Feb 2022
543256,RFLL,Rita Finance and Leasing Ltd,09 Feb 2022
511169,RKDAGRRTL,RKD Agri & Retail Ltd,09 Feb 2022
533168,ROSSELLIND,ROSSELL INDIA LTD.,09 Feb 2022
542333,RPSGVENT,RPSG Ventures Ltd,09 Feb 2022
530179,RSCINT,RSC INTERNATIONAL LTD.,09 Feb 2022
542649,RVNL,Rail Vikas Nigam Ltd,09 Feb 2022
526477,SAENTER,SOUTH ASIAN ENTERPRISES LTD.,09 Feb 2022
526521,SANGHIIND,SANGHI INDUSTRIES LTD.,09 Feb 2022
530073,SANGHVIMOV,SANGHVI MOVERS LTD.,09 Feb 2022
511076,SATINDLTD,SAT INDUSTRIES LTD.-$,09 Feb 2022
542725,SBC,SBC Exports Ltd,09 Feb 2022
542753,SEACOAST,Seacoast Shipping Services Ltd,09 Feb 2022
540961,SHIVAMILLS,Shiva Mills Ltd,09 Feb 2022
538897,SHRINIWAS,Shri Niwas Leasing And Finance Ltd,09 Feb 2022
543299,SHYAMMETL,Shyam Metalics and Energy Ltd,09 Feb 2022
512589,SITAENT,SITA ENTERPRISES LTD.,09 Feb 2022
500472,SKFINDIA,SKF India Ltd,09 Feb 2022
532143,SKMEGGPROD,SKM EGG PRODUCTS EXPORT (INDIA) LTD.,09 Feb 2022
513418,SMFIL,Smiths & Founders (India) Limited,09 Feb 2022
541540,SOLARA,Solara Active Pharma Sciences Ltd,09 Feb 2022
542337,SPENCER,Spencers Retail Ltd,09 Feb 2022
526827,SPICEISL,SPICE ISLANDS APPARELS LTD.-$,09 Feb 2022
513488,SSWRL,SHREE STEEL WIRE ROPES LTD.,09 Feb 2022
516022,STARPAPER,STAR PAPER MILLS LTD.,09 Feb 2022
533316,STEL,STEL Holdings Ltd,09 Feb 2022
508963,STRLGUA,STERLING GUARANTY & FINANCE LTD.,09 Feb 2022
530419,SUMEDHA,SUMEDHA FISCAL SERVICES LTD.,09 Feb 2022
520056,SUNCLAYLTD,SUNDARAM-CLAYTON LTD.,09 Feb 2022
526133,SUPERTEX,SUPERTEX INDUSTRIES LTD.,09 Feb 2022
505160,TALBROAUTO,TALBROS AUTOMOTIVE COMPONENTS LTD.,09 Feb 2022
500400,TATAPOWER,TATA POWER CO.LTD.,09 Feb 2022
521228,TATIAGLOB,TATIA GLOBAL VENNTURE LTD.,09 Feb 2022
509917,TECHCON,TECHNOJET CONSULTANTS LTD.,09 Feb 2022
524717,TITANBIO,TITAN BIOTECH LTD.,09 Feb 2022
530045,TITANSEC,TITAN SECURITIES LTD.,09 Feb 2022
500777,TNPETRO,TAMILNADU PETROPRODUCTS LTD.,09 Feb 2022
513063,TRANSFRE,TRANS-FREIGHT CONTAINERS LTD.,09 Feb 2022
533540,TREEHOUSE,TREE HOUSE EDUCATION & ACCESSORIES LTD.,09 Feb 2022
506680,TRELCHE-B,TECIL CHEMICALS & HYDRO POWER LTD.,09 Feb 2022
507747,TTKHEALTH,TTK HEALTHCARE LTD.-$,09 Feb 2022
507808,UNTTEMI,UNITED LEASING & INDUSTRIES LTD.,09 Feb 2022
537820,VFL,Viji Finance Ltd,09 Feb 2022
530477,VIKRAMTH,VIKRAM THERMO (INDIA) LTD.,09 Feb 2022
532613,VIPCLOTHNG,VIP Clothing Ltd,09 Feb 2022
523660,WATERBASE,WATERBASE LTD.,09 Feb 2022
519214,WILLIMFI,WILLIAMSON FINANCIAL SERVICES LTD.,09 Feb 2022
505520,ZHEMHOLD,HEM HOLDINGS & TRADING LTD.,09 Feb 2022
511122,1STCUS,FIRST CUSTODIAN FUND (INDIA) LTD.,10 Feb 2022
500002,ABB,ABB India Limited,10 Feb 2022
539544,ABHIINFRA,Abhishek Infraventures Ltd,10 Feb 2022
511359,ADMANUM,AD-MANUM FINANCE LTD.,10 Feb 2022
517041,ADORWELD,ADOR WELDING LTD.,10 Feb 2022
500008,AMARAJABAT,AMARA RAJA BATTERIES LTD.,10 Feb 2022
531878,ANJANIFIN,ANJANI FINANCE LTD.,10 Feb 2022
531673,ANKIN,ANKA INDIA LTD.,10 Feb 2022
533573,APLLTD,ALEMBIC PHARMACEUTICALS LTD.,10 Feb 2022
512344,ARAVALIS,ARAVALI SECURITIES & FINANCE LTD.,10 Feb 2022
526187,ASHRAM,ASHRAM ONLINE.COM LTD.,10 Feb 2022
530899,ASIAPAK,ASIA PACK LTD.,10 Feb 2022
507530,ASIFOOD,ASIAN FOOD PRODUCTS LTD.,10 Feb 2022
532989,BAFNAPHARM,BAFNA PHARMACEUTICALS LTD.,10 Feb 2022
539834,BALGOPAL,Balgopal Commercial Ltd,10 Feb 2022
524824,BALPHARMA,BAL PHARMA LTD.,10 Feb 2022
532674,BASML,BANNARI AMMAN SPINNING MILLS LTD.,10 Feb 2022
539018,BEEKAY,Beekay Steel Industries Ltd,10 Feb 2022
500048,BEML,BEML LTD.,10 Feb 2022
532230,BENGALT,BENGAL TEA & FABRICS LTD.,10 Feb 2022
509449,BHAGWOX,BHAGWATI OXYGEN LTD.,10 Feb 2022
500493,BHARATFORG,BHARAT FORGE LTD.,10 Feb 2022
514272,BHILSPIN,BHILWARA SPINNERS LTD.,10 Feb 2022
522105,BIRLAPREC,BIRLA PRECISION TECHNOLOGIES LTD.,10 Feb 2022
506981,BLUECHIPT,BLUE CHIP TEX INDUSTRIES LTD.,10 Feb 2022
538546,BRPL,Bansal Roofing Products Ltd,10 Feb 2022
538789,BUDGE BUDGE,Budge Budge Company Ltd,10 Feb 2022
543232,CAMS,Computer Age Management Services Ltd,10 Feb 2022
509486,CAPRIHANS,CAPRIHANS INDIA LTD.-$,10 Feb 2022
513375,CARBORUNIV,CARBORUNDUM UNIVERSAL LTD.,10 Feb 2022
533260,CAREERP,CAREER POINT LTD.,10 Feb 2022
530307,CHAMANSEQ,CHAMAN LAL SETIA EXPORTS LTD.-$,10 Feb 2022
512301,CHMBBRW,CHAMBAL BREWERIES & DISTILLERIES LTD.,10 Feb 2022
501833,CHOWGULSTM,CHOWGULE STEAMSHIPS LTD.,10 Feb 2022
506390,CLNINDIA,CLARIANT CHEMICALS (INDIA) LTD.,10 Feb 2022
531041,COMPEAU,COMPETENT AUTOMOBILES CO.LTD.,10 Feb 2022
540597,CONTAINER,Containerway International Ltd,10 Feb 2022
526027,CUBEXTUB,CUBEX TUBINGS LTD.,10 Feb 2022
500480,CUMMINSIND,CUMMINS INDIA LTD.,10 Feb 2022
521220,DAMOINDUS,DAMODAR INDUSTRIES LTD.-$,10 Feb 2022
512485,DHANCOT,DHANLAXMI COTEX LTD.,10 Feb 2022
526971,DHOOTIN,DHOOT INDUSTRIAL FINANCE LTD.,10 Feb 2022
538902,DHUNTEAIND,Dhunseri Tea & Industries Ltd,10 Feb 2022
511634,DUGARHOU,DUGAR HOUSING DEVELOPMENTS LTD.,10 Feb 2022
523736,DVL,Dhunseri Ventures Ltd-$,10 Feb 2022
507917,EASTBUILD,EAST BUILDTECH LTD.,10 Feb 2022
526703,ECOPLAST,ECOPLAST LTD.-$,10 Feb 2022
522074,ELGIEQUIP,ELGI EQUIPMENTS LTD.,10 Feb 2022
506180,EMERGENT,Emergent Industrial Solutions Ltd,10 Feb 2022
500133,ESABINDIA,ESAB INDIA LTD.,10 Feb 2022
508906,EVERESTIND,EVEREST INDUSTRIES LTD.,10 Feb 2022
532656,FACORALL,FACOR ALLOYS LTD.,10 Feb 2022
507910,FIBERWEB,FIBERWEB (INDIA) LTD.,10 Feb 2022
530705,FLORATX,FLORA TEXTILES LTD.,10 Feb 2022
500150,FOSECOIND,FOSECO INDIA LTD.,10 Feb 2022
540647,GANGESSEC,Ganges Securities Ltd,10 Feb 2022
541546,GAYAHWS,Gayatri Highways Ltd,10 Feb 2022
533248,GPPL,GUJARAT PIPAVAV PORT LTD.,10 Feb 2022
500655,GRWRHITECH,Garware Hi-Tech Films Ltd,10 Feb 2022
513337,GUJTLRM,GUJARAT TOOLROOM LTD.,10 Feb 2022
532708,GVKPIL,GVK POWER & INFRASTRUCTURE LTD.,10 Feb 2022
541154,HAL,Hindustan Aeronautics Ltd,10 Feb 2022
500467,HARRMALAYA,HARRISONS MALAYALAM LTD.,10 Feb 2022
539787,HCG,HealthCare Global Enterprises Ltd,10 Feb 2022
500182,HEROMOTOCO,HERO MOTOCORP LTD.,10 Feb 2022
531301,HIGHSTREE,HIGH STREET FILATEX LTD.,10 Feb 2022
500440,HINDALCO,HINDALCO INDUSTRIES LTD.,10 Feb 2022
522064,HONDAPOWER,Honda India Power Products Ltd,10 Feb 2022
519463,IBINFO,IB INFOTECH ENTERPRISES LTD.,10 Feb 2022
511194,ICDSLTD,ICDS LTD.,10 Feb 2022
531968,IITLPROJ,IITL PROJECTS LIMITED,10 Feb 2022
513295,IMEC,Imec Services Ltd,10 Feb 2022
531594,INCON,INCON ENGINEERS LTD.,10 Feb 2022
538365,INCREDIBLE,Incredible Industries Ltd,10 Feb 2022
509162,INDAG,INDAG RUBBER LTD.-$,10 Feb 2022
531505,INDERGR,INDERGIRI FINANCE LTD.,10 Feb 2022
504741,INDIANHUME,INDIAN HUME PIPE CO.LTD.,10 Feb 2022
532240,INDNIPPON,INDIA NIPPON ELECTRICALS LTD.,10 Feb 2022
500207,INDORAMA,INDO RAMA SYNTHETICS (INDIA) LTD.,10 Feb 2022
532894,INDOWIND,INDOWIND ENERGY LTD.,10 Feb 2022
503639,INDSOYA,INDSOYA LTD.,10 Feb 2022
531841,INDUSFINL,Indus Finance Ltd,10 Feb 2022
532851,INSECTICID,INSECTICIDES (INDIA) LTD.,10 Feb 2022
543257,IRFC,Indian Railway Finance Corporation Ltd,10 Feb 2022
522245,IYKOTHITE,IYKOT HITECH TOOLROOM LTD.,10 Feb 2022
500306,JAYKAY,JAYKAY ENTERPRISES LTD.,10 Feb 2022
506522,JLMORI,J.L.MORISON (INDIA) LTD.,10 Feb 2022
505750,JOSTS,JOST'S ENGINEERING CO.LTD.,10 Feb 2022
520057,JTEKTINDIA,Jtekt India Ltd,10 Feb 2022
512147,KAJALSY,KAJAL SYNTHETICS & SILK MILLS LTD.,10 Feb 2022
507779,KANPRPLA,KANPUR PLASTIPACK LTD.,10 Feb 2022
590066,KCP,K.C.P.LTD.,10 Feb 2022
502937,KESORAMIND,KESORAM INDUSTRIES LTD.,10 Feb 2022
590068,KHAITANLTD,KHAITAN (INDIA) LTD.,10 Feb 2022
535566,KIFS,KIFS FINANCIAL SERVICES LTD.,10 Feb 2022
524019,KINGFA,Kingfa Science & Technology (India) Ltd-$,10 Feb 2022
500241,KIRLOSBROS,KIRLOSKAR BROTHERS LTD.-$,10 Feb 2022
523652,KKPLASTICK,Kkalpana Plastick Limited,10 Feb 2022
503626,KSHITIJ,KSHITIZ INVESTMENT LTD.,10 Feb 2022
541233,LEMONTREE,Lemon Tree Hotels Ltd,10 Feb 2022
500520,M&M,MAHINDRA & MAHINDRA LTD.,10 Feb 2022
531515,MAHANIN,MAHAN INDUSTRIES LTD.,10 Feb 2022
500268,MANALIPETC,MANALI PETROCHEMICAL LTD.,10 Feb 2022
540704,MATRIMONY,Matrimony.com Ltd,10 Feb 2022
539519,MAYUKH,Mayukh Dealtrade Ltd,10 Feb 2022
523792,MAZDALTD,MAZDA LTD.-$,10 Feb 2022
531176,MEFCOMCAP,MEFCOM CAPITAL MARKETS LTD.,10 Feb 2022
543217,MINDSPACE,Mindspace Business Parks REIT,10 Feb 2022
517344,MINDTECK,MINDTECK (INDIA) LTD.,10 Feb 2022
538890,MKEXIM,M.K. Exim (India) Ltd,10 Feb 2022
539767,MNIL,Mega Nirman and Industries Ltd,10 Feb 2022
539762,MODCL,Modern Converters Ltd,10 Feb 2022
515008,MODINSU,MODERN INSULATORS LTD.,10 Feb 2022
530167,MONGIPA,MOONGIPA CAPITAL FINANCE LTD.,10 Feb 2022
539199,MOONGIPASEC,Moongipa Securities Ltd,10 Feb 2022
532621,MORARJEE,MORARJEE TEXTILES LTD.,10 Feb 2022
500290,MRF,MRF LTD.,10 Feb 2022
508922,MSRINDIA,MSR INDIA LTD.,10 Feb 2022
543270,MTARTECH,MTAR Technologies Ltd,10 Feb 2022
531832,NAGTECH,NAGARJUNA AGRI TECH LTD.,10 Feb 2022
532641,NDL,Nandan Denim Limited,10 Feb 2022
512024,NDMETAL,N.D.METAL INDUSTRIES LTD.,10 Feb 2022
517554,NHCFOODS,NHC FOODS LTD.,10 Feb 2022
542206,NIVAKA,Nivaka Fashions Ltd,10 Feb 2022
526371,NMDC,NMDC LTD.,10 Feb 2022
522289,NMSRESRC,NMS Resources Global Ltd,10 Feb 2022
507813,NOL,NATIONAL OXYGEN LTD.,10 Feb 2022
500672,NOVARTIND,NOVARTIS INDIA LTD.,10 Feb 2022
531065,OSWALOR,OSWAL OVERSEAS LTD.,10 Feb 2022
532827,PAGEIND,PAGE INDUSTRIES LTD.,10 Feb 2022
540648,PALASHSEC,Palash Securities Ltd,10 Feb 2022
504093,PANAENERG,PANASONIC ENERGY INDIA COMPANY LTD.-$,10 Feb 2022
508941,PANCARBON,PANASONIC CARBON INDIA CO.LTD.-$,10 Feb 2022
513511,PANCHMAHQ,PANCHMAHAL STEEL LTD.,10 Feb 2022
526345,PANJON,PANJON LTD.,10 Feb 2022
517172,PERVASIVE,Pervasive Commodities Ltd,10 Feb 2022
509084,PHOTON,PHOTON CAPITAL ADVISORS LTD.,10 Feb 2022
511660,PREMCAPM,PREMIUM CAPITAL MARKET & INVESTMENTS LTD.,10 Feb 2022
519014,PRSNTIN,PRASHANT INDIA LTD.,10 Feb 2022
512591,PULSRIN,PULSAR INTERNATIONAL LTD.,10 Feb 2022
538647,PURSHOTTAM,Purshottam Investofin Ltd,10 Feb 2022
531562,PUSHPIN,PUSHPSONS INDUSTRIES LTD.,10 Feb 2022
500354,RAJSREESUG,RAJSHREE SUGARS & CHEMICALS LTD.,10 Feb 2022
511585,REGTRUS,REGENCY TRUST LTD.,10 Feb 2022
534076,RHIM,Rhi Magnesita India Ltd,10 Feb 2022
530271,RICHUNV,RICH UNIVERSE NETWORK LTD.,10 Feb 2022
530125,SAMRATPH,SAMRAT PHARMACHEM LTD.-$,10 Feb 2022
539574,SCL,Sunshine Capital Ltd,10 Feb 2022
507514,SDBL,SOM DISTILLERIES & BREWERIES LTD.,10 Feb 2022
541929,SGIL,Synergy Green Industries Ltd,10 Feb 2022
523449,SHARP,SHARP INDIA LTD.,10 Feb 2022
516016,SHREYANIND,SHREYANS INDUSTRIES LTD.-$,10 Feb 2022
532007,SHVFL,SHREEVATSAA FINANCE & LEASING LTD.,10 Feb 2022
531640,SICL,Suvidha Infraestate Corporation Limited,10 Feb 2022
540132,SIIL,Sabrimala Industries India Ltd,10 Feb 2022
507998,SIMMOND,SIMMONDS MARSHALL LTD.,10 Feb 2022
523023,SINCLAIR,SINCLAIRS HOTELS LTD.-$,10 Feb 2022
505729,SINGER,SINGER INDIA LTD.,10 Feb 2022
540653,SINTEXPLAST,Sintex Plastics Technology Ltd,10 Feb 2022
533206,SJVN,SJVN Ltd,10 Feb 2022
532419,SMARTLINK,Smartlink Holdings Ltd,10 Feb 2022
505192,SMLISUZU,SML ISUZU LIMITED,10 Feb 2022
513699,SOLIDSTON,SOLID STONE COMPANY LTD.,10 Feb 2022
522152,SOLIMAC,SOLITAIRE MACHINE TOOLS LTD.,10 Feb 2022
526901,SONALAD,SONAL ADHESIVES LTD.,10 Feb 2022
514454,SOUTLAT,SOUTHERN LATEX LTD.,10 Feb 2022
542376,SPACAPS,SPA Capital Services Ltd,10 Feb 2022
519242,SRDAPRT,SARDA PROTEINS LTD.,10 Feb 2022
514442,SRIKPRIND,SRI KPR INDUSTRIES LTD.,10 Feb 2022
532531,STAR,Strides Pharma Science Ltd,10 Feb 2022
540738,STL,Shreeji Translogistics Ltd,10 Feb 2022
533306,SUMMITSEC,SUMMIT SECURITIES LTD.,10 Feb 2022
500403,SUNDRMFAST,SUNDRAM FASTENERS LTD.,10 Feb 2022
500404,SUNFLAG,SUNFLAG IRON & STEEL CO.LTD.,10 Feb 2022
530735,SUPERBAK,SUPER BAKERS (INDIA) LTD.,10 Feb 2022
539835,SUPERIOR,Superior Finlease Ltd,10 Feb 2022
500770,TATACHEM,TATA CHEMICALS LTD.,10 Feb 2022
532315,TELESYS,TELESYS SOFTWARE LTD.,10 Feb 2022
531652,THIRDFIN,THIRDWAVE FINANCIAL INTERMEDIARIES LTD.,10 Feb 2022
511559,TIMESGTY,TIMES GUARANTY LTD.,10 Feb 2022
541741,TINNATFL,Tinna Trade Ltd,10 Feb 2022
538607,TOYAMIND,Toyam Industries Ltd,10 Feb 2022
526582,TPLPLAST,TPL PLASTECH LTD.,10 Feb 2022
500251,TRENT,TRENT LTD.,10 Feb 2022
531846,TRINITYLEA,TRINITY LEAGUE INDIA LTD.,10 Feb 2022
523387,TRITON,TRITON CORP.LTD.,10 Feb 2022
531411,TUNITEX,TUNI TEXTILE MILLS LTD.,10 Feb 2022
540083,TVVISION,TV Vision Ltd,10 Feb 2022
514282,UNIIN,UNIWORTH INTERNATIONAL LTD.,10 Feb 2022
504212,UNIVCABLES,UNIVERSAL CABLES LTD.,10 Feb 2022
514144,UNIWORTH,UNIWORTH LTD.,10 Feb 2022
500138,UNIWORTHT,UNIWORTH TEXTILES LTD.,10 Feb 2022
540189,UPROTECH,Unipro Technologies Ltd,10 Feb 2022
526775,VALIANT,VALIANT COMMUNICATIONS LTD.-$,10 Feb 2022
539543,VALLEY,Valley Magnesite Company Ltd,10 Feb 2022
517015,VINDHYATEL,VINDHYA TELELINKS LTD.,10 Feb 2022
531282,VIRPOLY,VIRGO POLYMERS (INDIA) LTD.,10 Feb 2022
538565,VISTARAMAR,Vistar Amar Ltd,10 Feb 2022
590038,VISUINTL,VISU INTERNATIONAL LTD.-$,10 Feb 2022
541735,VIVANTA,Vivanta Industries Ltd,10 Feb 2022
522267,VJLAXMIE,VEEJAY LAKSHMI ENGINEERING WORKS LTD.-$,10 Feb 2022
511333,VLSFINANCE,VLS FINANCE LTD.,10 Feb 2022
512431,WHITHAL,WHITE HALL COMMERCIAL CO.LTD.,10 Feb 2022
519224,WILLAMAGOR,WILLIAMSON MAGOR & COMPANY LTD.,10 Feb 2022
538268,WONDERLA,Wonderla Holidays Ltd,10 Feb 2022
514378,YARNSYN,YARN SYNDICATE LTD.,10 Feb 2022
532794,ZEEMEDIA,Zee Media Corporation Limited,10 Feb 2022
512017,ZEXDONTR,EXDON TRADING CO.LTD.,10 Feb 2022
506178,ZKHATAUE,KHATAU EXIM LTD.,10 Feb 2022
512004,ZNILKENG,NILKANTH ENGINEERING LTD.,10 Feb 2022
530093,ACEEDU,ACE Edutrend Ltd,11 Feb 2022
530043,ACKNIT,ACKNIT INDUSTRIES LTD.,11 Feb 2022
539391,ACME,Acme Resources Ltd,11 Feb 2022
521141,ADITYASP,ADITYA SPINNERS LTD.,11 Feb 2022
522273,AHMDSTE,AHMEDABAD STEELCRAFT LTD.,11 Feb 2022
542524,AIHL,Ambassador Intra Holdings Ltd,11 Feb 2022
500710,AKZOINDIA,Akzo Nobel India Limited,11 Feb 2022
507828,ANSALHSG,Ansal Housing Ltd-$,11 Feb 2022
538833,ANUBHAV,Anubhav Infrastructure Ltd,11 Feb 2022
508869,APOLLOHOSP,APOLLO HOSPITALS ENTERPRISE LTD.,11 Feb 2022
532212,ARCHIES,ARCHIES LTD.,11 Feb 2022
500477,ASHOKLEY,ASHOK LEYLAND LTD.,11 Feb 2022
532888,ASIANTILES,ASIAN GRANITO INDIA LTD.,11 Feb 2022
500032,BAJAJHIND,Bajaj Hindusthan Sugar Limited,11 Feb 2022
509053,BANASFN,BANAS FINANCE LTD.,11 Feb 2022
523186,BAPACK,B&A Packaging India Limited,11 Feb 2022
522004,BATLIBOI,BATLIBOI LTD.-$,11 Feb 2022
505681,BIMETAL,BIMETAL BEARINGS LTD.-$,11 Feb 2022
542932,BIRLATYRES,Birla Tyres Ltd,11 Feb 2022
532485,BLIL,BALMER LAWRIE INVESTMENTS LTD.,11 Feb 2022
532719,BLKASHYAP,B.L.KASHYAP AND SONS LTD.,11 Feb 2022
505690,BRADYM,BRADY & MORRIS ENGINEERING CO.LTD.,11 Feb 2022
531489,CGVAK,CG-VAK SOFTWARE & EXPORTS LTD.,11 Feb 2022
504973,CHOLAHLDNG,Cholamandalam Financial Holdings Ltd,11 Feb 2022
521210,CITYMAN,CITYMAN LTD.,11 Feb 2022
501831,COASTCORP,COASTAL CORPORATION LTD.,11 Feb 2022
511611,DCMFINSERV,DCM FINANCIAL SERVICES LTD.,11 Feb 2022
530959,DIANATEA,DIANA TEA CO.LTD.,11 Feb 2022
500089,DICIND,DIC INDIA LTD.,11 Feb 2022
532488,DIVISLAB,DIVI'S LABORATORIES LTD.,11 Feb 2022
526574,ENTRINT,ENTERPRISE INTERNATIONAL LTD.,11 Feb 2022
500650,EXCELINDUS,EXCEL INDUSTRIES LTD.,11 Feb 2022
543252,FAIRCHEMOR,Fairchem Organics Ltd,11 Feb 2022
531953,GCCL,GCCL CONSTRUCTION & REALITIES LTD.,11 Feb 2022
530855,GDLLEAS,GDL LEASING & FINANCE LTD.,11 Feb 2022
526025,GLOBUSCON,Globus Constructors & Developers Limited,11 Feb 2022
533104,GLOBUSSPR,GLOBUS SPIRITS LTD.,11 Feb 2022
540081,GOVNOW,SAB Events & Governance Now Media Ltd,11 Feb 2022
542011,GRSE,Garden Reach Shipbuilders & Engineers Ltd,11 Feb 2022
506879,GUJTHEM,GUJARAT THEMIS BIOSYN LTD.,11 Feb 2022
524080,HARLETH,HARYANA LEATHER CHEMICALS LTD.,11 Feb 2022
539174,HELPAGE,Helpage Finlease Ltd,11 Feb 2022
543242,HEMIPROP,Hemisphere Properties India Ltd,11 Feb 2022
500193,HLVLTD,HLV Ltd,11 Feb 2022
517174,HONAUT,HONEYWELL AUTOMATION INDIA LTD.,11 Feb 2022
526683,HOTELRUGBY,HOTEL RUGBY LTD.,11 Feb 2022
540530,HUDCO,Housing & Urban Development Corporation Ltd,11 Feb 2022
532659,IDFC,IDFC LIMITED,11 Feb 2022
511260,IDINFO,ID Info Business Services Ltd,11 Feb 2022
500106,IFCI,IFCI LTD.,11 Feb 2022
514238,IKAB,IKAB SECURITIES & INVESTMENT LTD.,11 Feb 2022
511628,IMCAP,IM+ Capitals Limited,11 Feb 2022
543258,INDIGOPNTS,Indigo Paints Ltd,11 Feb 2022
511391,INTRGLB,INTER GLOBE FINANCE LTD.,11 Feb 2022
504786,INVPRECQ,INVESTMENT & PRECISION CASTINGS LTD.,11 Feb 2022
509496,ITDCEM,ITD CEMENTATION INDIA LTD.,11 Feb 2022
523610,ITI,ITI LTD.,11 Feb 2022
538422,JACKSON,Jackson Investments Ltd,11 Feb 2022
512237,JAICORPLTD,JAI CORP LTD.,11 Feb 2022
502901,JAMSHRI,Jamshri Realty Ltd-$,11 Feb 2022
514034,JBFIND,JBF INDUSTRIES LTD.,11 Feb 2022
524731,JENBURPH,JENBURKT PHARMACEUTICALS LTD.,11 Feb 2022
531861,JOINDRE,JOINDRE CAPITAL SERVICES LTD.,11 Feb 2022
533451,KARMAENG,KARMA ENERGY LTD.,11 Feb 2022
507948,KEYCORP,KEY CORP LTD.,11 Feb 2022
512597,KEYFINSER,Keynote Financial Services Ltd,11 Feb 2022
535730,KHOOBSURAT,Khoobsurat Ltd,11 Feb 2022
531274,KINETRU,KINETIC TRUST LTD.,11 Feb 2022
507598,KLRFM,Kovilpatti Lakshmi Roller Flour Mills Ltd,11 Feb 2022
519415,KMGMILK,KMG MILK FOOD LTD.,11 Feb 2022
514360,KRRAIL,K&R Rail Engineering Ltd,11 Feb 2022
532937,KUANTUM,KUANTUM PAPERS LTD.,11 Feb 2022
504258,LAKSELEC,LAKSHMI ELECTRICAL CONTROL SYSTEMS LTD.,11 Feb 2022
590075,LAMBODHARA,LAMBODHARA TEXTILES LTD.-$,11 Feb 2022
514036,LOYALTEX,LOYAL TEXTILE MILLS LTD.-$,11 Feb 2022
517206,LUMAXIND,LUMAX INDUSTRIES LTD.,11 Feb 2022
505302,LXMIATO,LAKSHMI AUTOMATIC LOOM WORKS LTD.,11 Feb 2022
523248,MACPLASQ,MACHINO PLASTICS LTD.-$,11 Feb 2022
539400,MALLCOM,Mallcom (India) Ltd,11 Feb 2022
533169,MANINFRA,MAN INFRACONSTRUCTION LTD.,11 Feb 2022
505324,MANUGRAPH,MANUGRAPH INDIA LTD.-$,11 Feb 2022
531503,MARIS,MARIS SPINNERS LTD.-$,11 Feb 2022
524404,MARKSANS,MARKSANS PHARMA LTD.,11 Feb 2022
506867,MASCH,MASTER CHEMICALS LTD.,11 Feb 2022
512505,MEENST,MEENAKSHI STEEL INDUSTRIES LTD.,11 Feb 2022
538834,MEL,Meenakshi Enterprises Ltd,11 Feb 2022
531456,MINAXI,MINAXI TEXTILES LTD.,11 Feb 2022
539220,MISHKA,Mishka Exim Ltd,11 Feb 2022
507938,MNPLFIN,MANIPAL FINANCE CORPORATION LTD.,11 Feb 2022
523160,MORGANITE,MORGANITE CRUCIBLE (INDIA) LTD.,11 Feb 2022
517334,MOTHERSUMI,MOTHERSON SUMI SYSTEMS LTD.,11 Feb 2022
542597,MSTC,MSTC Ltd,11 Feb 2022
532097,MUKANDENGG,MUKAND ENGINEERS LTD.,11 Feb 2022
500460,MUKANDLTD,MUKAND LTD.,11 Feb 2022
502587,NATHIND,Nath Industries Ltd,11 Feb 2022
519506,NCCBLUE,NCC BLUE WATER PRODUCTS LTD.,11 Feb 2022
502168,NCLIND,NCL INDUSTRIES LTD.-$,11 Feb 2022
533098,NHPC,NHPC LTD.,11 Feb 2022
530129,NILE,NILE LTD.,11 Feb 2022
504058,NIPPOBATRY,INDO-NATIONAL LTD.,11 Feb 2022
512489,OASISEC,OASIS SECURITIES LTD.,11 Feb 2022
533106,OIL,OIL INDIA LTD.,11 Feb 2022
509099,OSWALEA,OSWAL LEASING LTD.,11 Feb 2022
523151,OTCO,OTCO INTERNATIONAL LTD.,11 Feb 2022
524820,PANAMAPET,PANAMA PETROCHEM LTD.,11 Feb 2022
532676,PBAINFRA,PBA INFRASTRUCTURE LTD.,11 Feb 2022
524136,PCCOSMA,PEE CEE COSMA SOPE LTD.,11 Feb 2022
504132,PERMAGN,PERMANENT MAGNETS LTD.-$,11 Feb 2022
532810,PFC,POWER FINANCE CORPORATION LTD.,11 Feb 2022
512026,PHTRADING,PH TRADING LTD.,11 Feb 2022
532355,PICTUREHS,PICTUREHOUSE MEDIA LTD.,11 Feb 2022
513519,PITTIENG,Pitti Engineering Ltd-$,11 Feb 2022
540717,PQIF,Polo Queen Industrial and Fintech Ltd,11 Feb 2022
531257,PRATIKSH,PRATIKSHA CHEMICALS LTD.,11 Feb 2022
539636,PRECAM,Precision Camshafts Ltd,11 Feb 2022
526494,PROMACT,Promact Impex Ltd,11 Feb 2022
540027,PTIL,Prabhat Technologies (India) Ltd,11 Feb 2022
532891,PURVA,Puravankara Ltd,11 Feb 2022
517556,PVP,PVP VENTURES LTD.,11 Feb 2022
532866,QUINTEGRA,QUINTEGRA SOLUTIONS LTD.,11 Feb 2022
531412,RADIXIND,Radix Industries (India) Limited,11 Feb 2022
526813,RAGHUNAT,RAGHUNATH INTERNATIONAL LTD.,11 Feb 2022
514316,RAGHUSYN,RAGHUVIR SYNTHETICS LTD.,11 Feb 2022
531552,RAGHUTOB,RAGHUNATH TOBACCO CO.LTD.,11 Feb 2022
507962,RAJATH,Rajath Finance Limited,11 Feb 2022
522281,RAMRAT,RAM RATNA WIRES LTD.-$,11 Feb 2022
543417,RATEGAIN,RateGain Travel Technologies Ltd,11 Feb 2022
531207,RAYLA,RAYMED LABS LTD.,11 Feb 2022
511712,RELICTEC,RELIC TECHNOLOGIES LTD.,11 Feb 2022
532670,RENUKA,SHREE RENUKA SUGARS LTD.,11 Feb 2022
526492,RISHIROOP,Rishiroop Ltd,11 Feb 2022
500367,RUBFILA,RUBFILA INTERNATIONAL LTD.,11 Feb 2022
532785,RUCHIRA,RUCHIRA PAPERS LTD.,11 Feb 2022
526554,SALGUTI,SALGUTI INDUSTRIES LTD.,11 Feb 2022
521222,SANBLUE,SANBLUE CORPORATION LTD.,11 Feb 2022
543397,SAPPHIRE,Sapphire Foods India Ltd,11 Feb 2022
539218,SAUMYA,Saumya Consultants Ltd,11 Feb 2022
538520,SBL,Shivamshree Businesses Ltd,11 Feb 2022
524548,SHARMEH,SHARMA EAST INDIA HOSPITALS & MEDICAL RESEARCH LTD.,11 Feb 2022
539334,SHREEPUSHK,Shree Pushkar Chemicals & Fertilisers Ltd,11 Feb 2022
520151,SHREYAS,SHREYAS SHIPPING & LOGISTICS LTD.,11 Feb 2022
532945,SHRIRAMEPC,SHRIRAM EPC LTD.,11 Feb 2022
517411,SHYAMTEL,SHYAM TELECOM LTD.,11 Feb 2022
533014,SICAGEN,SICAGEN INDIA LTD.,11 Feb 2022
536073,SILINFRA,Silverpoint Infratech Ltd,11 Feb 2022
542034,SMGOLD,S. M. Gold Ltd,11 Feb 2022
539911,SNIM,Svarnim Trade Udyog Ltd,11 Feb 2022
539217,SRESTHA,Srestha Finvest Ltd,11 Feb 2022
518053,SRICC,Sri Chakra Cement Ltd,11 Feb 2022
543412,STARHEALTH,Star Health and Allied Insurance Company Ltd,11 Feb 2022
523425,SUNRAJDI,SUNRAJ DIAMOND EXPORTS LTD.,11 Feb 2022
539406,SWAGTAM,Swagtam Trading & Services Ltd,11 Feb 2022
517201,SWITCHTE,SWITCHING TECHNOLOGIES GUNTHER LTD.,11 Feb 2022
519483,TAIIND,TAI INDUSTRIES LTD.-$,11 Feb 2022
530199,THEMISMED,THEMIS MEDICARE LTD.,11 Feb 2022
531426,TNPL,TAMIL NADU NEWSPRINT & PAPERS LTD.,11 Feb 2022
505978,TRITONV,TRITON VALVES LTD.,11 Feb 2022
524514,TULASEEBIOE,TULASEE BIO-ETHANOL LTD.,11 Feb 2022
532515,TVTODAY,TV TODAY NETWORK LTD.,11 Feb 2022
500464,UCALFUEL,UCAL FUEL SYSTEMS LTD.,11 Feb 2022
539874,UJJIVAN,Ujjivan Financial Services Ltd,11 Feb 2022
531091,UNITDCR,UNITED CREDIT LTD.,11 Feb 2022
521188,UNITEDTE,UNITED TEXTILES LTD.,11 Feb 2022
539331,VETO,Veto Switchgears and Cables Ltd,11 Feb 2022
531717,VIDHIING,Vidhi Specialty Food Ingredients Ltd-$,11 Feb 2022
538920,VINCOFE,Vintage Coffee And Beverages Ltd,11 Feb 2022
534741,VIRTUALG,VIRTUAL GLOBAL EDUCATION LTD.,11 Feb 2022
500575,VOLTAS,VOLTAS LTD.,11 Feb 2022
523011,WEIZMANIND,WEIZMANN LTD.,11 Feb 2022
501391,WHBRADY,W.H.BRADY & CO.LTD.,11 Feb 2022
514348,WINSOME,WINSOME YARNS LTD.,11 Feb 2022
532116,XOINFO,XO INFOTECH LTD.,11 Feb 2022
522209,YOGISUNG,YOGI SUNG-WON (INDIA) LTD.,11 Feb 2022
530665,ZENITHHE,ZENITH HEALTH CARE LTD.,11 Feb 2022
512303,ZMANSOON,MANSOON TRADING CO.LTD.,11 Feb 2022
521163,ZODIACLOTH,ZODIAC CLOTHING CO.LTD.,11 Feb 2022
506190,ZSARVAMA,SARVAMANGAL MERCANTILE CO.LTD.,11 Feb 2022
501386,ZSWASTSA,SWASTIK SAFE DEPOSIT & INVESTMENTS LTD.,11 Feb 2022
530881,ABVL,Arunjyoti Bio Ventures Ltd,12 Feb 2022
514113,ADINATH,ADINATH TEXTILES LTD.,12 Feb 2022
516020,AGIOPAPER,AGIO PAPER & INDUSTRIES LTD.-$,12 Feb 2022
524288,AIMCOPEST,AIMCO PESTICIDES LTD.,12 Feb 2022
526628,AJWAFUN,AJWA FUN WORLD & RESORT LTD.,12 Feb 2022
538863,AMARNATH,Sri Amarnath Finance Ltd,12 Feb 2022
541771,AMINTAN,Amin Tannery Ltd,12 Feb 2022
524640,ARCHITORG,ARCHIT ORGANOSYS LTD.,12 Feb 2022
538556,ARMAN,Arman Holdings Ltd,12 Feb 2022
526843,ATLANTADEV,Atlanta Devcon Limited,12 Feb 2022
530479,ATLINFRA,Atlanta Infrastructure and Finance Ltd.,12 Feb 2022
512573,AVANTI,AVANTI FEEDS LTD.-$,12 Feb 2022
512109,AVIVA,AVIVA INDUSTRIES LTD.,12 Feb 2022
523850,AXTEL,AXTEL INDUSTRIES LTD.,12 Feb 2022
539251,BALKRISHNA,Balkrishna Paper Mills Ltd,12 Feb 2022
512296,BHAGYNAGAR,BHAGYANAGAR INDIA LTD.,12 Feb 2022
531752,BIOGEN,Biogen Pharmachem Industries Ltd,12 Feb 2022
508136,BNALTD,B & A LTD.,12 Feb 2022
523019,BNRSEC,B.N.RATHI SECURITIES LTD.,12 Feb 2022
530809,BNRUDY,BNR UDYOG LTD.,12 Feb 2022
539434,BRIPORT,Brilliant Portfolios Ltd,12 Feb 2022
531119,CEENIK,CEENIK EXPORTS (INDIA) LTD.,12 Feb 2022
531595,CGCL,Capri Global Capital Limited,12 Feb 2022
507515,CJGEL,C.J.GELATINE PRODUCTS LTD.,12 Feb 2022
523489,CMMHOSP,CHENNAI MEENAKSHI MULTISPECIALITY HOSPITAL LTD.-$,12 Feb 2022
526977,CRIMSON,Crimson Metal Engineering Company Ltd,12 Feb 2022
537536,DENISCHEM,Denis Chem Lab Ltd,12 Feb 2022
512445,DEVITRD,DEVINSU TRADING LTD.,12 Feb 2022
517514,DHINDIA,D&H India Ltd-$,12 Feb 2022
538608,DWITIYA,Dwitiya Trading Ltd,12 Feb 2022
526705,ELEMARB,ELEGANT MARBLES & GRANI INDUSTRIES LTD.,12 Feb 2022
542803,ELLORATRAD,Ellora Trading Ltd,12 Feb 2022
522195,FRONTSP,FRONTIER SPRINGS LTD.,12 Feb 2022
524624,GAGAN,GAGAN GASES LTD.,12 Feb 2022
521176,GANGOTRI,GANGOTRI TEXTILES LTD.,12 Feb 2022
533212,GKB,GKB OPHTHALMICS LTD.,12 Feb 2022
531199,GLANCE,GLANCE FINANCE LTD.,12 Feb 2022
532744,GTNTEX,GTN TEXTILES LTD.,12 Feb 2022
539176,HAWAENG,Hawa Engineers Ltd,12 Feb 2022
526967,HEERAISP,HEERA ISPAT LTD.,12 Feb 2022
590018,HISARMET,HISAR METAL INDUSTRIES LTD.-$,12 Feb 2022
539984,HUIL,Hindusthan Urban Infrastructure Ltd,12 Feb 2022
540774,IFGLEXPOR,IFGL Refractories Ltd,12 Feb 2022
506945,IGLFXPL-B,INDO GULF INDUSTRIES LTD.,12 Feb 2022
501295,IITL,INDUSTRIAL INVESTMENT TRUST LTD.,12 Feb 2022
509051,INDINFO,INDIAN INFOTECH & SOFTWARE LTD.,12 Feb 2022
524330,JAYAGROGN,JAYANT AGRO-ORGANICS LTD.,12 Feb 2022
532154,JOHNPHARMA,Johnson Pharmacare Ltd,12 Feb 2022
539014,KALPACOMME,Kalpa Commercial Ltd,12 Feb 2022
531784,KCLINFRA,KCL Infra Projects Ltd,12 Feb 2022
526409,KKALPANAIND,Kkalpana Industries (India) Ltd,12 Feb 2022
514240,KUSHIND,Kush Industries Ltd,12 Feb 2022
531206,KWALITYCL,KWALITY CREDIT & LEASING LTD.,12 Feb 2022
590078,MAITHANALL,MAITHAN ALLOYS LTD.,12 Feb 2022
532629,MBECL,MCNALLY BHARAT ENGINEERING COMPANY LTD.,12 Feb 2022
532650,MSPL,MSP STEEL & POWER LTD.,12 Feb 2022
517431,NARMP,NARMADA MACPLAST DRIP IRRIGATION SYSTEMS LTD.,12 Feb 2022
530557,NCLRESE,NCL RESEARCH & FINANCIAL SERVICES LTD.,12 Feb 2022
500189,NXTDIGITAL,Nxtdigital Ltd,12 Feb 2022
539481,PARIKSHA,Pariksha Fin- Invest- Lease Ltd,12 Feb 2022
514326,PATSPINLTD,PATSPIN INDIA LTD.,12 Feb 2022
526481,PHOENXINTL,PHOENIX INTERNATIONAL LTD.,12 Feb 2022
539150,PNCINFRA,PNC Infratech Ltd,12 Feb 2022
519359,POONADAL,POONA DAL & OIL INDUSTRIES LTD.,12 Feb 2022
530669,PRESOFI,PREM SOMANI FINANCIAL SERVICES LTD.,12 Feb 2022
531735,PRISMFN,PRISM FINANCE LTD.,12 Feb 2022
531688,PRITHVIEXCH,Prithvi Exchange (India) Ltd,12 Feb 2022
539962,QFSL,Quest Financial Services Ltd,12 Feb 2022
530281,QUANTDIA,QUANTUM DIGITAL VISION (INDIA) LTD.,12 Feb 2022
515127,RAMASIGNS,Ramasigns Industries Ltd,12 Feb 2022
532370,RAMCOSYS,RAMCO SYSTEMS LTD.,12 Feb 2022
507966,RASRESOR,RAS RESORTS & APART HOTELS LTD.,12 Feb 2022
532024,RBGUPTA,R.B.GUPTA FINANCIALS LTD.,12 Feb 2022
533470,RUSHIL,RUSHIL DECOR LTD.,12 Feb 2022
503691,SAHARA,SAHARA ONE MEDIA & ENTERTAINMENT LTD.-$,12 Feb 2022
500370,SALORAINTL,SALORA INTERNATIONAL LTD.,12 Feb 2022
521240,SAMBANDAM,SAMBANDAM SPINNING MILLS LTD.-$,12 Feb 2022
511563,SANCF,SANCHAY FINVEST LTD.,12 Feb 2022
530993,SARTHAKGL,SARTHAK GLOBAL LTD.,12 Feb 2022
521182,SEASONF,SEASONS FURNISHINGS LTD.,12 Feb 2022
514264,SEASONST,SEASONS TEXTILES LTD.-$,12 Feb 2022
532993,SEJAL,Sejal Glass Ltd,12 Feb 2022
505075,SETCO,SETCO AUTOMOTIVE LTD.,12 Feb 2022
524546,SHABCHM,SHABA CHEMICALS LTD.,12 Feb 2022
530797,SHGANEL,SHREE GANESH ELASTOPLAST LTD.,12 Feb 2022
539983,SIDH,Sidh Automobiles Ltd,12 Feb 2022
540686,SMRUTHIORG,Smruthi Organics Ltd,12 Feb 2022
540253,SNTCL,Shree Nidhi Trading Co. Ltd,12 Feb 2022
521234,SRINACHA,SRI NACHAMMAI COTTON MILLS LTD.-$,12 Feb 2022
534748,STEELXIND,STEEL EXCHANGE INDIA LTD.,12 Feb 2022
523842,SUPTANERY,Super Tannery Limited,12 Feb 2022
533101,SURYAAMBA,SURYAAMBA SPINNING MILLS LTD.,12 Feb 2022
537392,TAAZAINT,Taaza International Ltd,12 Feb 2022
532856,TIMETECHNO,TIME TECHNOPLAST LTD.,12 Feb 2022
500421,TPINDIA,TPI INDIA LTD.,12 Feb 2022
532159,TRESCON,Trescon Ltd,12 Feb 2022
536565,TRIMURTHI,Trimurthi Ltd,12 Feb 2022
506685,ULTRAMAR,ULTRAMARINE & PIGMENTS LTD.-$,12 Feb 2022
502589,VAPIPPR,VAPI PAPER MILLS LTD.,12 Feb 2022
514175,VARDMNPOLY,VARDHMAN POLYTEX LTD.,12 Feb 2022
531650,VAXHS,VAX HOUSING FINANCE CORPORATION LTD.,12 Feb 2022
512517,VINVANI,VINAYAK VANIJYA LTD.,12 Feb 2022
539398,VISHALBL,Vishal Bearings Ltd,12 Feb 2022
531668,VISIONCO,VISION CORPORATION LTD.,12 Feb 2022
509038,VOLLF,VOLTAIRE LEASING & FINANCE LTD.,12 Feb 2022
538521,YAANENT,Yaan Enterprises Ltd,12 Feb 2022
503893,ZSATYASL,SATYAM SILK MILLS LTD.,12 Feb 2022
530621,AAIL,Akar Auto Industries Ltd,14 Feb 2022
532831,ABHISHEK,ABHISHEK CORPORATION LTD.,14 Feb 2022
538563,ADARSH,Adarsh Mercantile Ltd,14 Feb 2022
506120,ALNATRD,ALNA TRADING & EXPORTS LTD.,14 Feb 2022
532878,ALPA,ALPA LABORATORIES LTD.,14 Feb 2022
531681,AMERISE,Amerise Biosciences Ltd,14 Feb 2022
531991,AMRAAGRI,AMRAWORLD AGRICO LTD.,14 Feb 2022
523007,ANSALBU,ANSAL BUILDWELL LTD.-$,14 Feb 2022
506979,APTPACK,APT PACKAGING LTD.,14 Feb 2022
531179,ARMANFIN,ARMAN FINANCIAL SERVICES LTD.,14 Feb 2022
530413,ASIANVE,ASIAN VEGPRO INDUSTRIES LTD.,14 Feb 2022
541143,BDL,Bharat Dynamics Ltd,14 Feb 2022
531340,BERVINL,BERVIN INVESTMENT & LEASING LTD.,14 Feb 2022
532930,BGRENERGY,BGR ENERGY SYSTEMS LTD.,14 Feb 2022
506027,BHRKALM,BHORUKA ALUMINIUM LTD.,14 Feb 2022
526666,BIL,BHARTIYA INTERNATIONAL LTD.,14 Feb 2022
519500,BKV,BKV INDUSTRIES LTD.,14 Feb 2022
502216,BOMBPOT,BOMBAY POTTERIES & TILES LTD.,14 Feb 2022
507486,CAPRO,CAPROLACTAM CHEMICALS LTD.,14 Feb 2022
531682,CATECH,CAT TECHNOLOGIES LTD.,14 Feb 2022
530789,CEEJAY,CEEJAY FINANCE LTD.,14 Feb 2022
532324,CINEVISTA,CINEVISTA LTD.,14 Feb 2022
513353,COCHINM,COCHIN MINERALS & RUTILE LTD.-$,14 Feb 2022
538965,CONCORD,Concord Drugs Ltd,14 Feb 2022
531460,CONTICON,CONTINENTAL CONTROLS LTD.,14 Feb 2022
532941,CORDSCABLE,CORDS CABLE INDUSTRIES LTD.,14 Feb 2022
523415,COVENTRY,COVENTRY COIL-O-MATIC (HARYANA) LTD.,14 Feb 2022
530171,DAULAT,DAULAT SECURITIES LTD.,14 Feb 2022
542679,DEL,Dhanashree Electronics Ltd,14 Feb 2022
523618,DREDGECORP,DREDGING CORPORATION OF INDIA LTD.,14 Feb 2022
539533,ELITECON,Elitecon International Ltd,14 Feb 2022
533161,EMMBI,Emmbi Industries Ltd,14 Feb 2022
530909,ERPSOFT,ERP SOFT SYSTEMS LTD.,14 Feb 2022
530571,EXPLICITFIN,EXPLICIT FINANCE LTD.,14 Feb 2022
526614,EXPOGAS,EXPO GAS CONTAINERS LTD.,14 Feb 2022
508954,FINKURVE,Finkurve Financial Services Ltd,14 Feb 2022
504380,FLOMIC,Flomic Global Logistics Ltd,14 Feb 2022
532042,FRONTCORP,FRONTLINE CORPORATION LTD.,14 Feb 2022
530263,GLOBALCA,GLOBAL CAPITAL MARKETS LTD.,14 Feb 2022
530663,GOYALASS,GOYAL ASSOCIATES LTD.,14 Feb 2022
500300,GRASIM,GRASIM INDUSTRIES LTD.,14 Feb 2022
502133,HEMACEM,HEMADRI CEMENTS LTD.,14 Feb 2022
531840,IECEDU,IEC EDUCATION LTD.,14 Feb 2022
514165,INDIANACRY,INDIAN ACRYLICS LTD.,14 Feb 2022
501298,INDPRUD,INDUSTRIAL & PRUDENTIAL INVESTMENTS CO.LTD.,14 Feb 2022
524652,INDSWFTLTD,IND-SWIFT LTD.,14 Feb 2022
524614,INDXTRA,IEL Ltd,14 Feb 2022
524494,IPCALAB,IPCA LABORATORIES LTD.,14 Feb 2022
505840,JAIPAN,JAIPAN INDUSTRIES LTD.,14 Feb 2022
524604,KAMRLAB,KAMRON LABORATORIES LTD.,14 Feb 2022
521242,KANDAGIRI,KANDAGIRI SPINNING MILLS LTD.-$,14 Feb 2022
507946,KIDUJA,KIDUJA INDIA LTD.,14 Feb 2022
530299,KOTHARIPRO,KOTHARI PRODUCTS LTD.,14 Feb 2022
530421,KUWERIN,KUWER INDUSTRIES LTD.,14 Feb 2022
502958,LAKSHMIMIL,LAKSHMI MILLS COMPANY LTD.-$,14 Feb 2022
526596,LIBERTSHOE,LIBERTY SHOES LTD.,14 Feb 2022
500264,MAFATIND,MAFATLAL INDUSTRIES LTD.-$,14 Feb 2022
523384,MAHAPEXLTD,MAHA RASHTRA APEX CORPORATION LTD.,14 Feb 2022
542677,MAHESH,Mahesh Developers Ltd,14 Feb 2022
531213,MANAPPURAM,MANAPPURAM FINANCE LTD.,14 Feb 2022
533152,MBLINFRA,MBL Infrastructures Ltd,14 Feb 2022
507621,MLKFOOD,MILKFOOD LTD.,14 Feb 2022
500890,MODIRUBBER,MODI RUBBER LTD.,14 Feb 2022
506543,MPAGI,M.P.AGRO INDUSTRIES LTD.,14 Feb 2022
505797,MPCOSEMB,MIPCO SEAMLESS RINGS (GUJARAT) LTD.,14 Feb 2022
500108,MTNL,MAHANAGAR TELEPHONE NIGAM LTD.,14 Feb 2022
539219,MUL,Mauria Udyog Ltd,14 Feb 2022
526616,NATPLAS,NATIONAL PLASTIC INDUSTRIES LTD.,14 Feb 2022
534309,NBCC,NBCC (India) Ltd,14 Feb 2022
530897,NGIND,N.G.INDUSTRIES LTD.-$,14 Feb 2022
542938,OCTAVIUSPL,Octavius Plantations Ltd,14 Feb 2022
500313,OILCOUNTUB,OIL COUNTRY TUBULAR LTD.,14 Feb 2022
535657,OONE,OBJECTONE INFORMATION SYSTEMS LTD.,14 Feb 2022
513121,ORICON,ORICON ENTERPRISES LTD.-$,14 Feb 2022
539287,ORTINLAABS,Ortin Laboratories Ltd,14 Feb 2022
530173,OSCARGLO,OSCAR GLOBAL LTD.,14 Feb 2022
532350,PADMALAYAT,PADMALAYA TELEFILMS LTD.,14 Feb 2022
517230,PAEL,PAE LTD.,14 Feb 2022
539469,PANORAMA,Panorama Studios International Ltd,14 Feb 2022
524628,PARKERAC,PARKER AGROCHEM EXPORTS LTD.-$,14 Feb 2022
511734,PASUFIN,PASUPATI FINCAP LTD.,14 Feb 2022
503092,PASUSPG,PASUPATI SPG.& WVG.MILLS LTD.,14 Feb 2022
524031,PATIDAR,Patidar Buildcon Limited,14 Feb 2022
512461,PUNCTRD,PUNCTUAL TRADING LTD.,14 Feb 2022
512099,PUNITCO,PUNIT COMMERCIALS LTD.,14 Feb 2022
532441,RAINBOWDQ,RAINBOW DENIM LTD.,14 Feb 2022
500358,RAMAPETRO,RAMA PETROCHEMICALS LTD.,14 Feb 2022
539435,RFSL,Richfield Financial Services Ltd,14 Feb 2022
504365,RIDHISYN,RIDHI SYNTHETICS LTD.,14 Feb 2022
533284,RPPINFRA,RPP INFRA PROJECTS LTD.,14 Feb 2022
530917,RRSECUR,R.R.SECURITIES LTD.,14 Feb 2022
538611,RTFL,Real Touch Finance Ltd,14 Feb 2022
531215,RTSPOWR,RTS POWER CORPORATION LTD.,14 Feb 2022
539112,SAB,SAB Industries Ltd,14 Feb 2022
532435,SANINFRA,Sanmit Infra Limited,14 Feb 2022
538875,SELLWIN,Sellwin Traders Ltd,14 Feb 2022
511760,SEVENHILL,Seven Hill Industries Limited,14 Feb 2022
526532,SFPIL,Square Four Projects India Limited,14 Feb 2022
530525,SHEETAL,SHEETAL DIAMONDS LTD.,14 Feb 2022
516106,SHKARTP,SHREE KARTHIK PAPERS LTD.,14 Feb 2022
542019,SHUBHAM,Shubham Polyspin Ltd,14 Feb 2022
521003,SHVSUIT,SHIVA SUITINGS LTD.,14 Feb 2022
505650,SKYLMILAR,SKYLINE MILLARS LTD.,14 Feb 2022
532138,SMCREDT,SMC CREDITS LTD.,14 Feb 2022
532344,SOFTSOL,SOFTSOL INDIA LTD.,14 Feb 2022
532842,SRHHYPOLTD,SREE RAYALASEEMA HI-STRENGTH HYPO LTD.,14 Feb 2022
526071,STELLANT,STELLANT SECURITIES (INDIA) LTD.,14 Feb 2022
513173,STLSTRINF,STEEL STRIPS INFRASTRUCTURES LTD.,14 Feb 2022
540318,SUERYAAKNI,Sueryaa Knitwear Ltd,14 Feb 2022
531260,SUNEDISON,Sunedison Infrastructure Ltd,14 Feb 2022
530845,SUNSHIEL,SUNSHIELD CHEMICALS LTD.,14 Feb 2022
523283,SUPERHOUSE,SUPERHOUSE LTD.,14 Feb 2022
503310,SWANENERGY,SWAN ENERGY LTD.,14 Feb 2022
512359,SWORDEDGE,Sword-Edge Commercials Limited,14 Feb 2022
533170,TAMBOLI,TAMBOLI CAPITAL LTD.,14 Feb 2022
542141,TECHNOE,Techno Electric & Engineering Company Ltd,14 Feb 2022
530533,TERAI,TERAI TEA CO.LTD.,14 Feb 2022
506162,TERRAFORM,TERRAFORM MAGNUM LTD.,14 Feb 2022
512157,TERRAREAL,Terraform Realstate Limited,14 Feb 2022
590005,TIDEWATER,TIDE WATER OIL (INDIA) LTD.,14 Feb 2022
532804,TIIL,TECHNOCRAFT INDUSTRIES (INDIA) LTD.,14 Feb 2022
540904,TIRUFOAM,Tirupati Foam Ltd,14 Feb 2022
526139,TRABI,TRANSGENE BIOTEK LTD.,14 Feb 2022
526961,TRANSFIN,TRANS FINANCIAL RESOURCES LTD.,14 Feb 2022
539798,UMIYA,Umiya Tubes Ltd,14 Feb 2022
521226,UNIROYAL,UNIROYAL INDUSTRIES LTD.,14 Feb 2022
512408,UNIWSEC,UNIWORTH SECURITIES LTD.,14 Feb 2022
512175,VAMA,VAMA INDUSTRIES LTD.,14 Feb 2022
524038,VENLONENT,VENLON ENTERPRISES LTD.,14 Feb 2022
511726,VIPUL,VIPUL LTD.,14 Feb 2022
516072,VISHNU,VISHNU CHEMICALS LTD.,14 Feb 2022
539761,VKAL,Vantage Knowledge Academy Ltd,14 Feb 2022
538634,VRL,Vasundhara Rasayans Ltd,14 Feb 2022
514470,WINSOMTX,WINSOME TEXTILE INDUSTRIES LTD.-$,14 Feb 2022
530675,YORKEXP,YORK EXPORTS LTD.,14 Feb 2022
505585,ZKOVALIN,KOVALAM INVESTMENT & TRADING CO.LTD.,14 Feb 2022
500780,ZUARIGLOB,ZUARI GLOBAL LTD.,14 Feb 2022
511441,GUJCRED,GUJARAT CREDIT CORPORATION LTD.,15 Feb 2022
523782,MITSHI,Mitshi India Ltd,15 Feb 2022
521034,SOMATEX,SOMA TEXTILES & INDUSTRIES LTD.,15 Feb 2022
500425,AMBUJACEM,AMBUJA CEMENTS LTD.,17 Feb 2022
500790,NESTLEIND,NESTLE INDIA LTD.,17 Feb 2022
532756,MAHINDCIE,Mahindra CIE Automotive Limited,22 Feb 2022
500339,RAIN,Rain Industries Ltd,25 Feb 2022
